"Produkt_Code","SDO_ID","Zeitstempel","Wert","Qualitaet_Niveau","Qualitaet_Byte"
"SDK_MN004","2564","20130701","6","3","0"
"SDK_MN004","2564","20130702","8.5","3","0"
"SDK_MN004","2564","20130703","2","3","0"
"SDK_MN004","2564","20130704","0.2","3","0"
"SDK_MN004","2564","20130705","8.1","3","0"
"SDK_MN004","2564","20130706","16","3","0"
"SDK_MN004","2564","20130707","15.1","3","0"
"SDK_MN004","2564","20130708","14.5","3","0"
"SDK_MN004","2564","20130709","14.5","3","0"
"SDK_MN004","2564","20130710","11.4","3","0"
"SDK_MN004","2564","20130711","14.8","3","0"
"SDK_MN004","2564","20130712","14.4","3","0"
"SDK_MN004","2564","20130713","8.7","3","0"
"SDK_MN004","2564","20130714","6.2","3","0"
"SDK_MN004","2564","20130715","7.9","3","0"
"SDK_MN004","2564","20130716","9.2","3","0"
"SDK_MN004","2564","20130717","9.1","3","0"
"SDK_MN004","2564","20130718","13.2","3","0"
"SDK_MN004","2564","20130719","9","3","0"
"SDK_MN004","2564","20130720","15.6","3","0"
"SDK_MN004","2564","20130721","15.7","3","0"
"SDK_MN004","2564","20130722","15.6","3","0"
"SDK_MN004","2564","20130723","15.3","3","0"
"SDK_MN004","2564","20130724","10.3","3","0"
"SDK_MN004","2564","20130725","8.2","3","0"
"SDK_MN004","2564","20130726","6.6","3","0"
"SDK_MN004","2564","20130727","8.8","3","0"
"SDK_MN004","2564","20130728","6.8","3","0"
"SDK_MN004","2564","20130729","7","3","0"
"SDK_MN004","2564","20130730","7.8","3","0"
"SDK_MN004","2564","20130731","9.3","3","0"
"SDK_MN004","2564","20130801","5.3","3","0"
"SDK_MN004","2564","20130802","15","3","0"
"SDK_MN004","2564","20130803","7.1","3","0"
"SDK_MN004","2564","20130804","11.3","3","0"
"SDK_MN004","2564","20130805","11.4","3","0"
"SDK_MN004","2564","20130806","9.5","3","0"
"SDK_MN004","2564","20130807","8.7","3","0"
"SDK_MN004","2564","20130808","0.8","3","0"
"SDK_MN004","2564","20130809","9.4","3","0"
"SDK_MN004","2564","20130810","4.5","3","0"
"SDK_MN004","2564","20130811","3.1","3","0"
"SDK_MN004","2564","20130812","2.3","3","0"
"SDK_MN004","2564","20130813","9.2","3","0"
"SDK_MN004","2564","20130814","10.2","3","0"
"SDK_MN004","2564","20130815","7.7","3","0"
"SDK_MN004","2564","20130816","5.5","3","0"
"SDK_MN004","2564","20130817","3.9","3","0"
"SDK_MN004","2564","20130818","0.7","3","0"
"SDK_MN004","2564","20130819","5.5","3","0"
"SDK_MN004","2564","20130820","4.7","3","0"
"SDK_MN004","2564","20130821","9.6","3","0"
"SDK_MN004","2564","20130822","7.2","3","0"
"SDK_MN004","2564","20130823","12.4","3","0"
"SDK_MN004","2564","20130824","13.5","3","0"
"SDK_MN004","2564","20130825","13.5","3","0"
"SDK_MN004","2564","20130826","13.5","3","0"
"SDK_MN004","2564","20130827","11.1","3","0"
"SDK_MN004","2564","20130828","11.1","3","0"
"SDK_MN004","2564","20130829","8.5","3","0"
"SDK_MN004","2564","20130830","0.8","3","0"
"SDK_MN004","2564","20130831","3.7","3","0"
"SDK_MN004","2564","20130901","3.9","3","0"
"SDK_MN004","2564","20130902","0","3","0"
"SDK_MN004","2564","20130903","0.7","3","0"
"SDK_MN004","2564","20130904","2.4","3","0"
"SDK_MN004","2564","20130905","12.3","3","0"
"SDK_MN004","2564","20130906","12.4","3","0"
"SDK_MN004","2564","20130907","6.4","3","0"
"SDK_MN004","2564","20130908","1.1","3","0"
"SDK_MN004","2564","20130909","0","3","0"
"SDK_MN004","2564","20130910","3.3","3","0"
"SDK_MN004","2564","20130911","1.1","3","0"
"SDK_MN004","2564","20130912","1.9","3","0"
"SDK_MN004","2564","20130913","3.3","3","0"
"SDK_MN004","2564","20130914","4.1","3","0"
"SDK_MN004","2564","20130915","4","3","0"
"SDK_MN004","2564","20130916","4.8","3","0"
"SDK_MN004","2564","20130917","6.5","3","0"
"SDK_MN004","2564","20130918","6.1","3","0"
"SDK_MN004","2564","20130919","6.4","3","0"
"SDK_MN004","2564","20130920","0.6","3","0"
"SDK_MN004","2564","20130921","1.1","3","0"
"SDK_MN004","2564","20130922","1.9","3","0"
"SDK_MN004","2564","20130923","1.3","3","0"
"SDK_MN004","2564","20130924","1.8","3","0"
"SDK_MN004","2564","20130925","1.3","3","0"
"SDK_MN004","2564","20130926","9.2","3","0"
"SDK_MN004","2564","20130927","4.3","3","0"
"SDK_MN004","2564","20130928","9.9","3","0"
"SDK_MN004","2564","20130929","9.8","3","0"
"SDK_MN004","2564","20130930","10.1","3","0"
"SDK_MN004","2564","20131001","9.9","3","0"
"SDK_MN004","2564","20131002","10.2","3","0"
"SDK_MN004","2564","20131003","9.6","3","0"
"SDK_MN004","2564","20131004","2.5","3","0"
"SDK_MN004","2564","20131005","0.2","3","0"
"SDK_MN004","2564","20131006","0.4","3","0"
"SDK_MN004","2564","20131007","6.8","3","0"
"SDK_MN004","2564","20131008","2.1","3","0"
"SDK_MN004","2564","20131009","0.1","3","0"
"SDK_MN004","2564","20131010","3.2","3","0"
"SDK_MN004","2564","20131011","0.8","3","0"
"SDK_MN004","2564","20131012","0","3","0"
"SDK_MN004","2564","20131013","1.5","3","0"
"SDK_MN004","2564","20131014","5.9","3","0"
"SDK_MN004","2564","20131015","0","3","0"
"SDK_MN004","2564","20131016","0.2","3","0"
"SDK_MN004","2564","20131017","0","3","0"
"SDK_MN004","2564","20131018","7.3","3","0"
"SDK_MN004","2564","20131019","0","3","0"
"SDK_MN004","2564","20131020","0.3","3","0"
"SDK_MN004","2564","20131021","0.2","3","0"
"SDK_MN004","2564","20131022","6.8","3","0"
"SDK_MN004","2564","20131023","0.4","3","0"
"SDK_MN004","2564","20131024","3","3","0"
"SDK_MN004","2564","20131025","0.3","3","0"
"SDK_MN004","2564","20131026","2.8","3","0"
"SDK_MN004","2564","20131027","1.9","3","0"
"SDK_MN004","2564","20131028","0.4","3","0"
"SDK_MN004","2564","20131029","0.5","3","0"
"SDK_MN004","2564","20131030","3.3","3","0"
"SDK_MN004","2564","20131031","3.9","3","0"
"SDK_MN004","2564","20131101","0","3","0"
"SDK_MN004","2564","20131102","0.1","3","0"
"SDK_MN004","2564","20131103","1.4","3","0"
"SDK_MN004","2564","20131104","0","3","0"
"SDK_MN004","2564","20131105","2.8","3","0"
"SDK_MN004","2564","20131106","3.1","3","0"
"SDK_MN004","2564","20131107","1.6","3","0"
"SDK_MN004","2564","20131108","4.7","3","0"
"SDK_MN004","2564","20131109","1.4","3","0"
"SDK_MN004","2564","20131110","4.6","3","0"
"SDK_MN004","2564","20131111","4.6","3","0"
"SDK_MN004","2564","20131112","0","3","0"
"SDK_MN004","2564","20131113","5.4","3","0"
"SDK_MN004","2564","20131114","1.3","3","0"
"SDK_MN004","2564","20131115","0","3","0"
"SDK_MN004","2564","20131116","0","3","0"
"SDK_MN004","2564","20131117","3.9","3","0"
"SDK_MN004","2564","20131118","0","3","0"
"SDK_MN004","2564","20131119","0","3","0"
"SDK_MN004","2564","20131120","1.1","3","0"
"SDK_MN004","2564","20131121","5","3","0"
"SDK_MN004","2564","20131122","0","3","0"
"SDK_MN004","2564","20131123","3.8","3","0"
"SDK_MN004","2564","20131124","5","3","0"
"SDK_MN004","2564","20131125","5.7","3","0"
"SDK_MN004","2564","20131126","4","3","0"
"SDK_MN004","2564","20131127","0","3","0"
"SDK_MN004","2564","20131128","3","3","0"
"SDK_MN004","2564","20131129","0","3","0"
"SDK_MN004","2564","20131130","0","3","0"
"SDK_MN004","2564","20131201","0.5","3","0"
"SDK_MN004","2564","20131202","1.9","3","0"
"SDK_MN004","2564","20131203","0","3","0"
"SDK_MN004","2564","20131204","0","3","0"
"SDK_MN004","2564","20131205","0","3","0"
"SDK_MN004","2564","20131206","0.2","3","0"
"SDK_MN004","2564","20131207","1.7","3","0"
"SDK_MN004","2564","20131208","0","3","0"
"SDK_MN004","2564","20131209","0","3","0"
"SDK_MN004","2564","20131210","0","3","0"
"SDK_MN004","2564","20131211","0","3","0"
"SDK_MN004","2564","20131212","0","3","0"
"SDK_MN004","2564","20131213","0","3","0"
"SDK_MN004","2564","20131214","0","3","0"
"SDK_MN004","2564","20131215","0","3","0"
"SDK_MN004","2564","20131216","0","3","0"
"SDK_MN004","2564","20131217","0.1","3","0"
"SDK_MN004","2564","20131218","0.2","3","0"
"SDK_MN004","2564","20131219","0","3","0"
"SDK_MN004","2564","20131220","0","3","0"
"SDK_MN004","2564","20131221","0","3","0"
"SDK_MN004","2564","20131222","0.1","3","0"
"SDK_MN004","2564","20131223","2","3","0"
"SDK_MN004","2564","20131224","0","3","0"
"SDK_MN004","2564","20131225","0.3","3","0"
"SDK_MN004","2564","20131226","0","3","0"
"SDK_MN004","2564","20131227","0","3","0"
"SDK_MN004","2564","20131228","0","3","0"
"SDK_MN004","2564","20131229","0","3","0"
"SDK_MN004","2564","20131230","2.8","3","0"
"SDK_MN004","2564","20131231","2.8","3","0"
"SDK_MN004","2564","20140101","0.5","3","0"
"SDK_MN004","2564","20140102","0","3","0"
"SDK_MN004","2564","20140103","0","3","0"
"SDK_MN004","2564","20140104","1.1","3","0"
"SDK_MN004","2564","20140105","0","3","0"
"SDK_MN004","2564","20140106","0","3","0"
"SDK_MN004","2564","20140107","0.3","3","0"
"SDK_MN004","2564","20140108","0","3","0"
"SDK_MN004","2564","20140109","0","3","0"
"SDK_MN004","2564","20140110","0.6","3","0"
"SDK_MN004","2564","20140111","0","3","0"
"SDK_MN004","2564","20140112","3.6","3","0"
"SDK_MN004","2564","20140113","0","3","0"
"SDK_MN004","2564","20140114","1.2","3","0"
"SDK_MN004","2564","20140115","0","3","0"
"SDK_MN004","2564","20140116","0","3","0"
"SDK_MN004","2564","20140117","0.4","3","0"
"SDK_MN004","2564","20140118","0","3","0"
"SDK_MN004","2564","20140119","0","3","0"
"SDK_MN004","2564","20140120","0","3","0"
"SDK_MN004","2564","20140121","0","3","0"
"SDK_MN004","2564","20140122","0","3","0"
"SDK_MN004","2564","20140123","0","3","0"
"SDK_MN004","2564","20140124","4.4","3","0"
"SDK_MN004","2564","20140125","2.2","3","0"
"SDK_MN004","2564","20140126","5.8","3","0"
"SDK_MN004","2564","20140127","2.6","3","0"
"SDK_MN004","2564","20140128","0","3","0"
"SDK_MN004","2564","20140129","0","3","0"
"SDK_MN004","2564","20140130","0","3","0"
"SDK_MN004","2564","20140131","0","3","0"
"SDK_MN004","2564","20140201","0","3","0"
"SDK_MN004","2564","20140202","5.2","3","0"
"SDK_MN004","2564","20140203","5","3","0"
"SDK_MN004","2564","20140204","3.4","3","0"
"SDK_MN004","2564","20140205","2.9","3","0"
"SDK_MN004","2564","20140206","0.2","3","0"
"SDK_MN004","2564","20140207","0.3","3","0"
"SDK_MN004","2564","20140208","0","3","0"
"SDK_MN004","2564","20140209","2.3","3","0"
"SDK_MN004","2564","20140210","5.2","3","0"
"SDK_MN004","2564","20140211","1.6","3","0"
"SDK_MN004","2564","20140212","3.7","3","0"
"SDK_MN004","2564","20140213","2.6","3","0"
"SDK_MN004","2564","20140214","2.6","3","0"
"SDK_MN004","2564","20140215","1.2","3","0"
"SDK_MN004","2564","20140216","0.3","3","0"
"SDK_MN004","2564","20140217","7.1","3","0"
"SDK_MN004","2564","20140218","0.6","3","0"
"SDK_MN004","2564","20140219","0","3","0"
"SDK_MN004","2564","20140220","1.7","3","0"
"SDK_MN004","2564","20140221","0","3","0"
"SDK_MN004","2564","20140222","1.3","3","0"
"SDK_MN004","2564","20140223","8","3","0"
"SDK_MN004","2564","20140224","7.2","3","0"
"SDK_MN004","2564","20140225","6.7","3","0"
"SDK_MN004","2564","20140226","3.3","3","0"
"SDK_MN004","2564","20140227","6.7","3","0"
"SDK_MN004","2564","20140228","0.2","3","0"
"SDK_MN004","2564","20140301","3.8","3","0"
"SDK_MN004","2564","20140302","2.3","3","0"
"SDK_MN004","2564","20140303","7","3","0"
"SDK_MN004","2564","20140304","0.3","3","0"
"SDK_MN004","2564","20140305","0","3","0"
"SDK_MN004","2564","20140306","5.1","3","0"
"SDK_MN004","2564","20140307","1.9","3","0"
"SDK_MN004","2564","20140308","9.6","3","0"
"SDK_MN004","2564","20140309","10.3","3","0"
"SDK_MN004","2564","20140310","10.4","3","0"
"SDK_MN004","2564","20140311","10.9","3","0"
"SDK_MN004","2564","20140312","11","3","0"
"SDK_MN004","2564","20140313","10.7","3","0"
"SDK_MN004","2564","20140314","8.5","3","0"
"SDK_MN004","2564","20140315","6.2","3","0"
"SDK_MN004","2564","20140316","0","3","0"
"SDK_MN004","2564","20140317","0","3","0"
"SDK_MN004","2564","20140318","0.9","3","0"
"SDK_MN004","2564","20140319","0.3","3","0"
"SDK_MN004","2564","20140320","10.4","3","0"
"SDK_MN004","2564","20140321","0","3","0"
"SDK_MN004","2564","20140322","4.5","3","0"
"SDK_MN004","2564","20140323","7.2","3","0"
"SDK_MN004","2564","20140324","6","3","0"
"SDK_MN004","2564","20140325","10.6","3","0"
"SDK_MN004","2564","20140326","4.5","3","0"
"SDK_MN004","2564","20140327","4.3","3","0"
"SDK_MN004","2564","20140328","0.1","3","0"
"SDK_MN004","2564","20140329","6","3","0"
"SDK_MN004","2564","20140330","7.8","3","0"
"SDK_MN004","2564","20140331","0.3","3","0"
"SDK_MN004","2564","20140401","0","3","0"
"SDK_MN004","2564","20140402","5.5","3","0"
"SDK_MN004","2564","20140403","6.4","3","0"
"SDK_MN004","2564","20140404","1","3","0"
"SDK_MN004","2564","20140405","0","3","0"
"SDK_MN004","2564","20140406","0","3","0"
"SDK_MN004","2564","20140407","2.4","3","0"
"SDK_MN004","2564","20140408","0.7","3","0"
"SDK_MN004","2564","20140409","2.6","3","0"
"SDK_MN004","2564","20140410","0.4","3","0"
"SDK_MN004","2564","20140411","4.4","3","0"
"SDK_MN004","2564","20140412","5","3","0"
"SDK_MN004","2564","20140413","6.6","3","0"
"SDK_MN004","2564","20140414","6.2","3","0"
"SDK_MN004","2564","20140415","13.5","3","0"
"SDK_MN004","2564","20140416","13.2","3","0"
"SDK_MN004","2564","20140417","6.5","3","0"
"SDK_MN004","2564","20140418","0.3","3","0"
"SDK_MN004","2564","20140419","10.5","3","0"
"SDK_MN004","2564","20140420","13.2","3","0"
"SDK_MN004","2564","20140421","5.7","3","0"
"SDK_MN004","2564","20140422","6.5","3","0"
"SDK_MN004","2564","20140423","0.1","3","0"
"SDK_MN004","2564","20140424","0","3","0"
"SDK_MN004","2564","20140425","13.5","3","0"
"SDK_MN004","2564","20140426","13.7","3","0"
"SDK_MN004","2564","20140427","13.5","3","0"
"SDK_MN004","2564","20140428","14.1","3","0"
"SDK_MN004","2564","20140429","13.6","3","0"
"SDK_MN004","2564","20140430","9.3","3","0"
"SDK_MN004","2564","20140501","10.3","3","0"
"SDK_MN004","2564","20140502","7.5","3","0"
"SDK_MN004","2564","20140503","10","3","0"
"SDK_MN004","2564","20140504","0.7","3","0"
"SDK_MN004","2564","20140505","0","3","0"
"SDK_MN004","2564","20140506","1.7","3","0"
"SDK_MN004","2564","20140507","4.2","3","0"
"SDK_MN004","2564","20140508","1","3","0"
"SDK_MN004","2564","20140509","1.4","3","0"
"SDK_MN004","2564","20140510","0.5","3","0"
"SDK_MN004","2564","20140511","1.5","3","0"
"SDK_MN004","2564","20140512","2","3","0"
"SDK_MN004","2564","20140513","4.5","3","0"
"SDK_MN004","2564","20140514","3.1","3","0"
"SDK_MN004","2564","20140515","7.9","3","0"
"SDK_MN004","2564","20140516","10.1","3","0"
"SDK_MN004","2564","20140517","11.6","3","0"
"SDK_MN004","2564","20140518","6.9","3","0"
"SDK_MN004","2564","20140519","3.2","3","0"
"SDK_MN004","2564","20140520","15.1","3","0"
"SDK_MN004","2564","20140521","10.1","3","0"
"SDK_MN004","2564","20140522","13.2","3","0"
"SDK_MN004","2564","20140523","3","3","0"
"SDK_MN004","2564","20140524","13.4","3","0"
"SDK_MN004","2564","20140525","9.7","3","0"
"SDK_MN004","2564","20140526","15.3","3","0"
"SDK_MN004","2564","20140527","4.3","3","0"
"SDK_MN004","2564","20140528","0.7","3","0"
"SDK_MN004","2564","20140529","10.6","3","0"
"SDK_MN004","2564","20140530","15.5","3","0"
"SDK_MN004","2564","20140531","9.7","3","0"
"SDK_MN004","2564","20140601","1.4","3","0"
"SDK_MN004","2564","20140602","15.3","3","0"
"SDK_MN004","2564","20140603","11.3","3","0"
"SDK_MN004","2564","20140604","12.2","3","0"
"SDK_MN004","2564","20140605","4.8","3","0"
"SDK_MN004","2564","20140606","13.2","3","0"
"SDK_MN004","2564","20140607","12.7","3","0"
"SDK_MN004","2564","20140608","5.2","3","0"
"SDK_MN004","2564","20140609","10.8","3","0"
"SDK_MN004","2564","20140610","10.3","3","0"
"SDK_MN004","2564","20140611","6.5","3","0"
"SDK_MN004","2564","20140612","10","3","0"
"SDK_MN004","2564","20140613","3.2","3","0"
"SDK_MN004","2564","20140614","11","3","0"
"SDK_MN004","2564","20140615","16.1","3","0"
"SDK_MN004","2564","20140616","5.1","3","0"
"SDK_MN004","2564","20140617","13.2","3","0"
"SDK_MN004","2564","20140618","6.3","3","0"
"SDK_MN004","2564","20140619","1.1","3","0"
"SDK_MN004","2564","20140620","6.1","3","0"
"SDK_MN004","2564","20140621","3.8","3","0"
"SDK_MN004","2564","20140622","9.3","3","0"
"SDK_MN004","2564","20140623","7.5","3","0"
"SDK_MN004","2564","20140624","0.4","3","0"
"SDK_MN004","2564","20140625","14.6","3","0"
"SDK_MN004","2564","20140626","8.9","3","0"
"SDK_MN004","2564","20140627","4.3","3","0"
"SDK_MN004","2564","20140628","2.9","3","0"
"SDK_MN004","2564","20140629","4.8","3","0"
"SDK_MN004","2564","20140630","10.1","3","0"
"SDK_MN004","2564","20140701","6.6","3","0"
"SDK_MN004","2564","20140702","6.8","3","0"
"SDK_MN004","2564","20140703","3.6","3","0"
"SDK_MN004","2564","20140704","15","3","0"
"SDK_MN004","2564","20140705","2.9","3","0"
"SDK_MN004","2564","20140706","8.6","3","0"
"SDK_MN004","2564","20140707","6.3","3","0"
"SDK_MN004","2564","20140708","0.6","3","0"
"SDK_MN004","2564","20140709","13.1","3","0"
"SDK_MN004","2564","20140710","15.7","3","0"
"SDK_MN004","2564","20140711","15.3","3","0"
"SDK_MN004","2564","20140712","12.1","3","0"
"SDK_MN004","2564","20140713","0.1","3","0"
"SDK_MN004","2564","20140714","3","3","0"
"SDK_MN004","2564","20140715","8.9","3","0"
"SDK_MN004","2564","20140716","4.3","3","0"
"SDK_MN004","2564","20140717","13.5","3","0"
"SDK_MN004","2564","20140718","13.5","3","0"
"SDK_MN004","2564","20140719","14.6","3","0"
"SDK_MN004","2564","20140720","9.4","3","0"
"SDK_MN004","2564","20140721","14","3","0"
"SDK_MN004","2564","20140722","14.9","3","0"
"SDK_MN004","2564","20140723","15.5","3","0"
"SDK_MN004","2564","20140724","13.1","3","0"
"SDK_MN004","2564","20140725","9.9","3","0"
"SDK_MN004","2564","20140726","3.4","3","0"
"SDK_MN004","2564","20140727","7.9","3","0"
"SDK_MN004","2564","20140728","13.5","3","0"
"SDK_MN004","2564","20140729","12","3","0"
"SDK_MN004","2564","20140730","3.7","3","0"
"SDK_MN004","2564","20140731","9.1","3","0"
"SDK_MN004","2564","20140801","11.2","3","0"
"SDK_MN004","2564","20140802","9.8","3","0"
"SDK_MN004","2564","20140803","5.3","3","0"
"SDK_MN004","2564","20140804","3.9","3","0"
"SDK_MN004","2564","20140805","6.3","3","0"
"SDK_MN004","2564","20140806","11.9","3","0"
"SDK_MN004","2564","20140807","1.2","3","0"
"SDK_MN004","2564","20140808","10.1","3","0"
"SDK_MN004","2564","20140809","5","3","0"
"SDK_MN004","2564","20140810","6.1","3","0"
"SDK_MN004","2564","20140811","8.4","3","0"
"SDK_MN004","2564","20140812","6.1","3","0"
"SDK_MN004","2564","20140813","9","3","0"
"SDK_MN004","2564","20140814","3.9","3","0"
"SDK_MN004","2564","20140815","5.4","3","0"
"SDK_MN004","2564","20140816","3.5","3","0"
"SDK_MN004","2564","20140817","0","3","0"
"SDK_MN004","2564","20140818","3.6","3","0"
"SDK_MN004","2564","20140819","6.2","3","0"
"SDK_MN004","2564","20140820","6.5","3","0"
"SDK_MN004","2564","20140821","7.6","3","0"
"SDK_MN004","2564","20140822","3.9","3","0"
"SDK_MN004","2564","20140823","7.1","3","0"
"SDK_MN004","2564","20140824","10.1","3","0"
"SDK_MN004","2564","20140825","5.7","3","0"
"SDK_MN004","2564","20140826","11.4","3","0"
"SDK_MN004","2564","20140827","12.8","3","0"
"SDK_MN004","2564","20140828","10.6","3","0"
"SDK_MN004","2564","20140829","4.9","3","0"
"SDK_MN004","2564","20140830","1.6","3","0"
"SDK_MN004","2564","20140831","1.5","3","0"
"SDK_MN004","2564","20140901","0.4","3","0"
"SDK_MN004","2564","20140902","10.9","3","0"
"SDK_MN004","2564","20140903","11.1","3","0"
"SDK_MN004","2564","20140904","12.8","3","0"
"SDK_MN004","2564","20140905","7.3","3","0"
"SDK_MN004","2564","20140906","8.6","3","0"
"SDK_MN004","2564","20140907","1","3","0"
"SDK_MN004","2564","20140908","7.6","3","0"
"SDK_MN004","2564","20140909","4","3","0"
"SDK_MN004","2564","20140910","8.3","3","0"
"SDK_MN004","2564","20140911","7.7","3","0"
"SDK_MN004","2564","20140912","9.1","3","0"
"SDK_MN004","2564","20140913","2","3","0"
"SDK_MN004","2564","20140914","0.3","3","0"
"SDK_MN004","2564","20140915","5.2","3","0"
"SDK_MN004","2564","20140916","11","3","0"
"SDK_MN004","2564","20140917","9.5","3","0"
"SDK_MN004","2564","20140918","11","3","0"
"SDK_MN004","2564","20140919","10.9","3","0"
"SDK_MN004","2564","20140920","5.2","3","0"
"SDK_MN004","2564","20140921","6","3","0"
"SDK_MN004","2564","20140922","1.2","3","0"
"SDK_MN004","2564","20140923","6.8","3","0"
"SDK_MN004","2564","20140924","0.6","3","0"
"SDK_MN004","2564","20140925","1.2","3","0"
"SDK_MN004","2564","20140926","0.8","3","0"
"SDK_MN004","2564","20140927","8.5","3","0"
"SDK_MN004","2564","20140928","5.8","3","0"
"SDK_MN004","2564","20140929","1.9","3","0"
"SDK_MN004","2564","20140930","0","3","0"
"SDK_MN004","2564","20141001","1.7","3","0"
"SDK_MN004","2564","20141002","1.8","3","0"
"SDK_MN004","2564","20141003","4.2","3","0"
"SDK_MN004","2564","20141004","10","3","0"
"SDK_MN004","2564","20141005","8.8","3","0"
"SDK_MN004","2564","20141006","4.6","3","0"
"SDK_MN004","2564","20141007","0.2","3","0"
"SDK_MN004","2564","20141008","4","3","0"
"SDK_MN004","2564","20141009","3","3","0"
"SDK_MN004","2564","20141010","4.3","3","0"
"SDK_MN004","2564","20141011","6","3","0"
"SDK_MN004","2564","20141012","2.2","3","0"
"SDK_MN004","2564","20141013","0","3","0"
"SDK_MN004","2564","20141014","1.8","3","0"
"SDK_MN004","2564","20141015","0.2","3","0"
"SDK_MN004","2564","20141016","0","3","0"
"SDK_MN004","2564","20141017","0.2","3","0"
"SDK_MN004","2564","20141018","0","3","0"
"SDK_MN004","2564","20141019","0","3","0"
"SDK_MN004","2564","20141020","3.9","3","0"
"SDK_MN004","2564","20141021","0","3","0"
"SDK_MN004","2564","20141022","1.7","3","0"
"SDK_MN004","2564","20141023","2.1","3","0"
"SDK_MN004","2564","20141024","0.6","3","0"
"SDK_MN004","2564","20141025","0.1","3","0"
"SDK_MN004","2564","20141026","1.7","3","0"
"SDK_MN004","2564","20141027","5.8","3","0"
"SDK_MN004","2564","20141028","7.3","3","0"
"SDK_MN004","2564","20141029","0","3","0"
"SDK_MN004","2564","20141030","6.1","3","0"
"SDK_MN004","2564","20141031","0","3","0"
"SDK_MN004","2564","20141101","4.7","3","0"
"SDK_MN004","2564","20141102","4.1","3","0"
"SDK_MN004","2564","20141103","3.2","3","0"
"SDK_MN004","2564","20141104","0.4","3","0"
"SDK_MN004","2564","20141105","0","3","0"
"SDK_MN004","2564","20141106","3.1","3","0"
"SDK_MN004","2564","20141107","5.9","3","0"
"SDK_MN004","2564","20141108","0.9","3","0"
"SDK_MN004","2564","20141109","4","3","0"
"SDK_MN004","2564","20141110","1.4","3","0"
"SDK_MN004","2564","20141111","5.4","3","0"
"SDK_MN004","2564","20141112","0","3","0"
"SDK_MN004","2564","20141113","0","3","0"
"SDK_MN004","2564","20141114","0","3","0"
"SDK_MN004","2564","20141115","0","3","0"
"SDK_MN004","2564","20141116","0","3","0"
"SDK_MN004","2564","20141117","0.8","3","0"
"SDK_MN004","2564","20141118","0","3","0"
"SDK_MN004","2564","20141119","0","3","0"
"SDK_MN004","2564","20141120","0.5","3","0"
"SDK_MN004","2564","20141121","0.7","3","0"
"SDK_MN004","2564","20141122","0.1","3","0"
"SDK_MN004","2564","20141123","0.2","3","0"
"SDK_MN004","2564","20141124","3.9","3","0"
"SDK_MN004","2564","20141125","5.2","3","0"
"SDK_MN004","2564","20141126","3.6","3","0"
"SDK_MN004","2564","20141127","4.3","3","0"
"SDK_MN004","2564","20141128","0.5","3","0"
"SDK_MN004","2564","20141129","0","3","0"
"SDK_MN004","2564","20141130","0","3","0"
"SDK_MN004","2564","20141201","0","3","0"
"SDK_MN004","2564","20141202","0","3","0"
"SDK_MN004","2564","20141203","0","3","0"
"SDK_MN004","2564","20141204","0","3","0"
"SDK_MN004","2564","20141205","0","3","0"
"SDK_MN004","2564","20141206","4","3","0"
"SDK_MN004","2564","20141207","0","3","0"
"SDK_MN004","2564","20141208","0","3","0"
"SDK_MN004","2564","20141209","0","3","0"
"SDK_MN004","2564","20141210","0.4","3","0"
"SDK_MN004","2564","20141211","0","3","0"
"SDK_MN004","2564","20141212","0","3","0"
"SDK_MN004","2564","20141213","1.7","3","0"
"SDK_MN004","2564","20141214","2.6","3","0"
"SDK_MN004","2564","20141215","0","3","0"
"SDK_MN004","2564","20141216","0.1","3","0"
"SDK_MN004","2564","20141217","0","3","0"
"SDK_MN004","2564","20141218","0","3","0"
"SDK_MN004","2564","20141219","0.2","3","0"
"SDK_MN004","2564","20141220","0.4","3","0"
"SDK_MN004","2564","20141221","0","3","0"
"SDK_MN004","2564","20141222","0","3","0"
"SDK_MN004","2564","20141223","0","3","0"
"SDK_MN004","2564","20141224","1.3","3","0"
"SDK_MN004","2564","20141225","0","3","0"
"SDK_MN004","2564","20141226","1.5","3","0"
"SDK_MN004","2564","20141227","2.9","3","0"
"SDK_MN004","2564","20141228","4.3","3","0"
"SDK_MN004","2564","20141229","2.2","3","0"
"SDK_MN004","2564","20141230","0","3","0"
"SDK_MN004","2564","20141231","1","3","0"
"SDK_MN004","2564","20150101","0","3","0"
"SDK_MN004","2564","20150102","0.7","3","0"
"SDK_MN004","2564","20150103","0","3","0"
"SDK_MN004","2564","20150104","4.7","3","0"
"SDK_MN004","2564","20150105","0","3","0"
"SDK_MN004","2564","20150106","0","3","0"
"SDK_MN004","2564","20150107","2.2","3","0"
"SDK_MN004","2564","20150108","0","3","0"
"SDK_MN004","2564","20150109","0.1","3","0"
"SDK_MN004","2564","20150110","0","3","0"
"SDK_MN004","2564","20150111","0.5","3","0"
"SDK_MN004","2564","20150112","0","3","0"
"SDK_MN004","2564","20150113","0","3","0"
"SDK_MN004","2564","20150114","0.3","3","0"
"SDK_MN004","2564","20150115","0","3","0"
"SDK_MN004","2564","20150116","0.3","3","0"
"SDK_MN004","2564","20150117","4.9","3","0"
"SDK_MN004","2564","20150118","0","3","0"
"SDK_MN004","2564","20150119","0","3","0"
"SDK_MN004","2564","20150120","0","3","0"
"SDK_MN004","2564","20150121","0","3","0"
"SDK_MN004","2564","20150122","0.4","3","0"
"SDK_MN004","2564","20150123","0","3","0"
"SDK_MN004","2564","20150124","0","3","0"
"SDK_MN004","2564","20150125","2.7","3","0"
"SDK_MN004","2564","20150126","0","3","0"
"SDK_MN004","2564","20150127","5.9","3","0"
"SDK_MN004","2564","20150128","0","3","0"
"SDK_MN004","2564","20150129","0","3","0"
"SDK_MN004","2564","20150130","0.6","3","0"
"SDK_MN004","2564","20150131","0","3","0"
"SDK_MN004","2564","20150201","0.1","3","0"
"SDK_MN004","2564","20150202","0.9","3","0"
"SDK_MN004","2564","20150203","0.2","3","0"
"SDK_MN004","2564","20150204","1.8","3","0"
"SDK_MN004","2564","20150205","2.6","3","0"
"SDK_MN004","2564","20150206","5.3","3","0"
"SDK_MN004","2564","20150207","0","3","0"
"SDK_MN004","2564","20150208","6.9","3","0"
"SDK_MN004","2564","20150209","0","3","0"
"SDK_MN004","2564","20150210","1.6","3","0"
"SDK_MN004","2564","20150211","0","3","0"
"SDK_MN004","2564","20150212","0","3","0"
"SDK_MN004","2564","20150213","0","3","0"
"SDK_MN004","2564","20150214","1","3","0"
"SDK_MN004","2564","20150215","0","3","0"
"SDK_MN004","2564","20150216","0","3","0"
"SDK_MN004","2564","20150217","0.3","3","0"
"SDK_MN004","2564","20150218","5.4","3","0"
"SDK_MN004","2564","20150219","6.9","3","0"
"SDK_MN004","2564","20150220","0","3","0"
"SDK_MN004","2564","20150221","0","3","0"
"SDK_MN004","2564","20150222","4.3","3","0"
"SDK_MN004","2564","20150223","0.4","3","0"
"SDK_MN004","2564","20150224","1.5","3","0"
"SDK_MN004","2564","20150225","3.7","3","0"
"SDK_MN004","2564","20150226","2.1","3","0"
"SDK_MN004","2564","20150227","0","3","0"
"SDK_MN004","2564","20150228","4.3","3","0"
"SDK_MN004","2564","20150301","0.7","3","0"
"SDK_MN004","2564","20150302","0.8","3","0"
"SDK_MN004","2564","20150303","1.8","3","0"
"SDK_MN004","2564","20150304","2.9","3","0"
"SDK_MN004","2564","20150305","2.9","3","0"
"SDK_MN004","2564","20150306","0.5","3","0"
"SDK_MN004","2564","20150307","0.4","3","0"
"SDK_MN004","2564","20150308","9.3","3","0"
"SDK_MN004","2564","20150309","5.1","3","0"
"SDK_MN004","2564","20150310","5.6","3","0"
"SDK_MN004","2564","20150311","10.8","3","0"
"SDK_MN004","2564","20150312","10.8","3","0"
"SDK_MN004","2564","20150313","2.6","3","0"
"SDK_MN004","2564","20150314","1.2","3","0"
"SDK_MN004","2564","20150315","0","3","0"
"SDK_MN004","2564","20150316","6.9","3","0"
"SDK_MN004","2564","20150317","9.4","3","0"
"SDK_MN004","2564","20150318","6.3","3","0"
"SDK_MN004","2564","20150319","11.1","3","0"
"SDK_MN004","2564","20150320","1.4","3","0"
"SDK_MN004","2564","20150321","0","3","0"
"SDK_MN004","2564","20150322","11.2","3","0"
"SDK_MN004","2564","20150323","10","3","0"
"SDK_MN004","2564","20150324","2.4","3","0"
"SDK_MN004","2564","20150325","2","3","0"
"SDK_MN004","2564","20150326","0.5","3","0"
"SDK_MN004","2564","20150327","0.3","3","0"
"SDK_MN004","2564","20150328","1.4","3","0"
"SDK_MN004","2564","20150329","0","3","0"
"SDK_MN004","2564","20150330","3.2","3","0"
"SDK_MN004","2564","20150331","0.1","3","0"
"SDK_MN004","2564","20150401","4.8","3","0"
"SDK_MN004","2564","20150402","8.7","3","0"
"SDK_MN004","2564","20150403","7.4","3","0"
"SDK_MN004","2564","20150404","12.4","3","0"
"SDK_MN004","2564","20150405","10.5","3","0"
"SDK_MN004","2564","20150406","12.7","3","0"
"SDK_MN004","2564","20150407","0.4","3","0"
"SDK_MN004","2564","20150408","7.3","3","0"
"SDK_MN004","2564","20150409","7.2","3","0"
"SDK_MN004","2564","20150410","9.5","3","0"
"SDK_MN004","2564","20150411","8.1","3","0"
"SDK_MN004","2564","20150412","6.3","3","0"
"SDK_MN004","2564","20150413","9.7","3","0"
"SDK_MN004","2564","20150414","0.1","3","0"
"SDK_MN004","2564","20150415","10","3","0"
"SDK_MN004","2564","20150416","6.3","3","0"
"SDK_MN004","2564","20150417","10.8","3","0"
"SDK_MN004","2564","20150418","12.1","3","0"
"SDK_MN004","2564","20150419","11.9","3","0"
"SDK_MN004","2564","20150420","13.9","3","0"
"SDK_MN004","2564","20150421","13.9","3","0"
"SDK_MN004","2564","20150422","10.8","3","0"
"SDK_MN004","2564","20150423","9.9","3","0"
"SDK_MN004","2564","20150424","7.4","3","0"
"SDK_MN004","2564","20150425","0","3","0"
"SDK_MN004","2564","20150426","0","3","0"
"SDK_MN004","2564","20150427","6.2","3","0"
"SDK_MN004","2564","20150428","9.4","3","0"
"SDK_MN004","2564","20150429","9.3","3","0"
"SDK_MN004","2564","20150430","3.4","3","0"
"SDK_MN004","2564","20150501","6.3","3","0"
"SDK_MN004","2564","20150502","10.4","3","0"
"SDK_MN004","2564","20150503","9.7","3","0"
"SDK_MN004","2564","20150504","5.6","3","0"
"SDK_MN004","2564","20150505","3.8","3","0"
"SDK_MN004","2564","20150506","9.6","3","0"
"SDK_MN004","2564","20150507","5.7","3","0"
"SDK_MN004","2564","20150508","9.1","3","0"
"SDK_MN004","2564","20150509","1.5","3","0"
"SDK_MN004","2564","20150510","8.2","3","0"
"SDK_MN004","2564","20150511","11.4","3","0"
"SDK_MN004","2564","20150512","3","3","0"
"SDK_MN004","2564","20150513","2.3","3","0"
"SDK_MN004","2564","20150514","0.2","3","0"
"SDK_MN004","2564","20150515","7.7","3","0"
"SDK_MN004","2564","20150516","0","3","0"
"SDK_MN004","2564","20150517","8.7","3","0"
"SDK_MN004","2564","20150518","0","3","0"
"SDK_MN004","2564","20150519","5.8","3","0"
"SDK_MN004","2564","20150520","9.1","3","0"
"SDK_MN004","2564","20150521","7.9","3","0"
"SDK_MN004","2564","20150522","8.2","3","0"
"SDK_MN004","2564","20150523","7.5","3","0"
"SDK_MN004","2564","20150524","13.9","3","0"
"SDK_MN004","2564","20150525","0.4","3","0"
"SDK_MN004","2564","20150526","6.7","3","0"
"SDK_MN004","2564","20150527","4.5","3","0"
"SDK_MN004","2564","20150528","3","3","0"
"SDK_MN004","2564","20150529","6.4","3","0"
"SDK_MN004","2564","20150530","7.5","3","0"
"SDK_MN004","2564","20150531","1.5","3","0"
"SDK_MN004","2564","20150601","12.7","3","0"
"SDK_MN004","2564","20150602","1.3","3","0"
"SDK_MN004","2564","20150603","5.4","3","0"
"SDK_MN004","2564","20150604","15.6","3","0"
"SDK_MN004","2564","20150605","13.4","3","0"
"SDK_MN004","2564","20150606","9.3","3","0"
"SDK_MN004","2564","20150607","12.9","3","0"
"SDK_MN004","2564","20150608","6.7","3","0"
"SDK_MN004","2564","20150609","9.6","3","0"
"SDK_MN004","2564","20150610","16.3","3","0"
"SDK_MN004","2564","20150611","16","3","0"
"SDK_MN004","2564","20150612","16.2","3","0"
"SDK_MN004","2564","20150613","3.4","3","0"
"SDK_MN004","2564","20150614","0.6","3","0"
"SDK_MN004","2564","20150615","4.6","3","0"
"SDK_MN004","2564","20150616","3.3","3","0"
"SDK_MN004","2564","20150617","3.4","3","0"
"SDK_MN004","2564","20150618","1.8","3","0"
"SDK_MN004","2564","20150619","1.5","3","0"
"SDK_MN004","2564","20150620","8.3","3","0"
"SDK_MN004","2564","20150621","2.2","3","0"
"SDK_MN004","2564","20150622","5","3","0"
"SDK_MN004","2564","20150623","7.7","3","0"
"SDK_MN004","2564","20150624","0.2","3","0"
"SDK_MN004","2564","20150625","4.1","3","0"
"SDK_MN004","2564","20150626","5.2","3","0"
"SDK_MN004","2564","20150627","2","3","0"
"SDK_MN004","2564","20150628","11.5","3","0"
"SDK_MN004","2564","20150629","11.5","3","0"
"SDK_MN004","2564","20150630","14.1","3","0"
"SDK_MN004","2564","20150701","16.5","3","0"
"SDK_MN004","2564","20150702","16.4","3","0"
"SDK_MN004","2564","20150703","13","3","0"
"SDK_MN004","2564","20150704","13","3","0"
"SDK_MN004","2564","20150705","4.2","3","0"
"SDK_MN004","2564","20150706","12.1","3","0"
"SDK_MN004","2564","20150707","8.4","3","0"
"SDK_MN004","2564","20150708","6.3","3","0"
"SDK_MN004","2564","20150709","6.1","3","0"
"SDK_MN004","2564","20150710","11.1","3","0"
"SDK_MN004","2564","20150711","7.5","3","0"
"SDK_MN004","2564","20150712","0.3","3","0"
"SDK_MN004","2564","20150713","2.9","3","0"
"SDK_MN004","2564","20150714","6.7","3","0"
"SDK_MN004","2564","20150715","11.4","3","0"
"SDK_MN004","2564","20150716","6.8","3","0"
"SDK_MN004","2564","20150717","12.2","3","0"
"SDK_MN004","2564","20150718","11.3","3","0"
"SDK_MN004","2564","20150719","0","3","0"
"SDK_MN004","2564","20150720","7.7","3","0"
"SDK_MN004","2564","20150721","10","3","0"
"SDK_MN004","2564","20150722","9.4","3","0"
"SDK_MN004","2564","20150723","6.3","3","0"
"SDK_MN004","2564","20150724","6.2","3","0"
"SDK_MN004","2564","20150725","1.8","3","0"
"SDK_MN004","2564","20150726","7.8","3","0"
"SDK_MN004","2564","20150727","0.6","3","0"
"SDK_MN004","2564","20150728","2.3","3","0"
"SDK_MN004","2564","20150729","3","3","0"
"SDK_MN004","2564","20150730","0","3","0"
"SDK_MN004","2564","20150731","4.4","3","0"
"SDK_MN004","2564","20150801","12.6","3","0"
"SDK_MN004","2564","20150802","12.8","3","0"
"SDK_MN004","2564","20150803","14.5","3","0"
"SDK_MN004","2564","20150804","8.1","3","0"
"SDK_MN004","2564","20150805","13.4","3","0"
"SDK_MN004","2564","20150806","12.9","3","0"
"SDK_MN004","2564","20150807","7.5","3","0"
"SDK_MN004","2564","20150808","2.7","3","0"
"SDK_MN004","2564","20150809","13.7","3","0"
"SDK_MN004","2564","20150810","5.6","3","0"
"SDK_MN004","2564","20150811","7.2","3","0"
"SDK_MN004","2564","20150812","4.3","3","0"
"SDK_MN004","2564","20150813","13.9","3","0"
"SDK_MN004","2564","20150814","9.9","3","0"
"SDK_MN004","2564","20150815","3.3","3","0"
"SDK_MN004","2564","20150816","4.2","3","0"
"SDK_MN004","2564","20150817","0.1","3","0"
"SDK_MN004","2564","20150818","0","3","0"
"SDK_MN004","2564","20150819","6","3","0"
"SDK_MN004","2564","20150820","8.7","3","0"
"SDK_MN004","2564","20150821","12.9","3","0"
"SDK_MN004","2564","20150822","13.5","3","0"
"SDK_MN004","2564","20150823","13.2","3","0"
"SDK_MN004","2564","20150824","4.9","3","0"
"SDK_MN004","2564","20150825","5.8","3","0"
"SDK_MN004","2564","20150826","5.6","3","0"
"SDK_MN004","2564","20150827","0.5","3","0"
"SDK_MN004","2564","20150828","7.9","3","0"
"SDK_MN004","2564","20150829","7.9","3","0"
"SDK_MN004","2564","20150830","4.4","3","0"
"SDK_MN004","2564","20150831","6","3","0"
"SDK_MN004","2564","20150901","0.1","3","0"
"SDK_MN004","2564","20150902","6.5","3","0"
"SDK_MN004","2564","20150903","9.8","3","0"
"SDK_MN004","2564","20150904","3.4","3","0"
"SDK_MN004","2564","20150905","5","3","0"
"SDK_MN004","2564","20150906","7.1","3","0"
"SDK_MN004","2564","20150907","12.3","3","0"
"SDK_MN004","2564","20150908","10","3","0"
"SDK_MN004","2564","20150909","10.5","3","0"
"SDK_MN004","2564","20150910","9.9","3","0"
"SDK_MN004","2564","20150911","0.5","3","0"
"SDK_MN004","2564","20150912","6","3","0"
"SDK_MN004","2564","20150913","1.3","3","0"
"SDK_MN004","2564","20150914","3","3","0"
"SDK_MN004","2564","20150915","6.7","3","0"
"SDK_MN004","2564","20150916","0.1","3","0"
"SDK_MN004","2564","20150917","0.9","3","0"
"SDK_MN004","2564","20150918","4.7","3","0"
"SDK_MN004","2564","20150919","3.5","3","0"
"SDK_MN004","2564","20150920","7.3","3","0"
"SDK_MN004","2564","20150921","0.4","3","0"
"SDK_MN004","2564","20150922","0.5","3","0"
"SDK_MN004","2564","20150923","0.6","3","0"
"SDK_MN004","2564","20150924","5.1","3","0"
"SDK_MN004","2564","20150925","4.9","3","0"
"SDK_MN004","2564","20150926","8.1","3","0"
"SDK_MN004","2564","20150927","10","3","0"
"SDK_MN004","2564","20150928","8.2","3","0"
"SDK_MN004","2564","20150929","9.4","3","0"
"SDK_MN004","2564","20150930","11.1","3","0"
"SDK_MN004","2564","20151001","9.8","3","0"
"SDK_MN004","2564","20151002","7.8","3","0"
"SDK_MN004","2564","20151003","4.9","3","0"
"SDK_MN004","2564","20151004","2.4","3","0"
"SDK_MN004","2564","20151005","6.3","3","0"
"SDK_MN004","2564","20151006","0","3","0"
"SDK_MN004","2564","20151007","0","3","0"
"SDK_MN004","2564","20151008","0","3","0"
"SDK_MN004","2564","20151009","0","3","0"
"SDK_MN004","2564","20151010","6.6","3","0"
"SDK_MN004","2564","20151011","8.7","3","0"
"SDK_MN004","2564","20151012","8.2","3","0"
"SDK_MN004","2564","20151013","0","3","0"
"SDK_MN004","2564","20151014","0","3","0"
"SDK_MN004","2564","20151015","0","3","0"
"SDK_MN004","2564","20151016","0","3","0"
"SDK_MN004","2564","20151017","0","3","0"
"SDK_MN004","2564","20151018","0","3","0"
"SDK_MN004","2564","20151019","0.6","3","0"
"SDK_MN004","2564","20151020","1.3","3","0"
"SDK_MN004","2564","20151021","0.5","3","0"
"SDK_MN004","2564","20151022","0","3","0"
"SDK_MN004","2564","20151023","6.7","3","0"
"SDK_MN004","2564","20151024","0.1","3","0"
"SDK_MN004","2564","20151025","6.7","3","0"
"SDK_MN004","2564","20151026","7.5","3","0"
"SDK_MN004","2564","20151027","7.3","3","0"
"SDK_MN004","2564","20151028","6.5","3","0"
"SDK_MN004","2564","20151029","4.7","3","0"
"SDK_MN004","2564","20151030","0","3","0"
"SDK_MN004","2564","20151031","4.9","3","0"
"SDK_MN004","2564","20151101","3.4","3","0"
"SDK_MN004","2564","20151102","0","3","0"
"SDK_MN004","2564","20151103","0","3","0"
"SDK_MN004","2564","20151104","5.2","3","0"
"SDK_MN004","2564","20151105","1","3","0"
"SDK_MN004","2564","20151106","0","3","0"
"SDK_MN004","2564","20151107","0.1","3","0"
"SDK_MN004","2564","20151108","4.5","3","0"
"SDK_MN004","2564","20151109","0.6","3","0"
"SDK_MN004","2564","20151110","0","3","0"
"SDK_MN004","2564","20151111","0","3","0"
"SDK_MN004","2564","20151112","4.3","3","0"
"SDK_MN004","2564","20151113","2.8","3","0"
"SDK_MN004","2564","20151114","1.1","3","0"
"SDK_MN004","2564","20151115","0","3","0"
"SDK_MN004","2564","20151116","0","3","0"
"SDK_MN004","2564","20151117","0.1","3","0"
"SDK_MN004","2564","20151118","1.8","3","0"
"SDK_MN004","2564","20151119","0.7","3","0"
"SDK_MN004","2564","20151120","0.2","3","0"
"SDK_MN004","2564","20151121","0","3","0"
"SDK_MN004","2564","20151122","0","3","0"
"SDK_MN004","2564","20151123","4.6","3","0"
"SDK_MN004","2564","20151124","0","3","0"
"SDK_MN004","2564","20151125","0","3","0"
"SDK_MN004","2564","20151126","5.6","3","0"
"SDK_MN004","2564","20151127","0","3","0"
"SDK_MN004","2564","20151128","2.9","3","0"
"SDK_MN004","2564","20151129","0","3","0"
"SDK_MN004","2564","20151130","0.2","3","0"
"SDK_MN004","2564","20151201","0.8","3","0"
"SDK_MN004","2564","20151202","0","3","0"
"SDK_MN004","2564","20151203","0","3","0"
"SDK_MN004","2564","20151204","1.4","3","0"
"SDK_MN004","2564","20151205","0","3","0"
"SDK_MN004","2564","20151206","0.1","3","0"
"SDK_MN004","2564","20151207","1","3","0"
"SDK_MN004","2564","20151208","4.6","3","0"
"SDK_MN004","2564","20151209","4","3","0"
"SDK_MN004","2564","20151210","0","3","0"
"SDK_MN004","2564","20151211","1","3","0"
"SDK_MN004","2564","20151212","2.2","3","0"
"SDK_MN004","2564","20151213","4.4","3","0"
"SDK_MN004","2564","20151214","0","3","0"
"SDK_MN004","2564","20151215","0","3","0"
"SDK_MN004","2564","20151216","0","3","0"
"SDK_MN004","2564","20151217","0","3","0"
"SDK_MN004","2564","20151218","0","3","0"
"SDK_MN004","2564","20151219","0.5","3","0"
"SDK_MN004","2564","20151220","0","3","0"
"SDK_MN004","2564","20151221","0.2","3","0"
"SDK_MN004","2564","20151222","0","3","0"
"SDK_MN004","2564","20151223","0.2","3","0"
"SDK_MN004","2564","20151224","2.5","3","0"
"SDK_MN004","2564","20151225","3.5","3","0"
"SDK_MN004","2564","20151226","0","3","0"
"SDK_MN004","2564","20151227","0","3","0"
"SDK_MN004","2564","20151228","0","3","0"
"SDK_MN004","2564","20151229","0.6","3","0"
"SDK_MN004","2564","20151230","0","3","0"
"SDK_MN004","2564","20151231","0","3","0"
"SDK_MN004","2564","20160101","0","3","0"
"SDK_MN004","2564","20160102","0","3","0"
"SDK_MN004","2564","20160103","0","3","0"
"SDK_MN004","2564","20160104","1.1","3","0"
"SDK_MN004","2564","20160105","2.7","3","0"
"SDK_MN004","2564","20160106","4.8","3","0"
"SDK_MN004","2564","20160107","0.2","3","0"
"SDK_MN004","2564","20160108","0","3","0"
"SDK_MN004","2564","20160109","1.8","3","0"
"SDK_MN004","2564","20160110","0","3","0"
"SDK_MN004","2564","20160111","0.4","3","0"
"SDK_MN004","2564","20160112","0","3","0"
"SDK_MN004","2564","20160113","0","3","0"
"SDK_MN004","2564","20160114","0","3","0"
"SDK_MN004","2564","20160115","0","3","0"
"SDK_MN004","2564","20160116","0","3","0"
"SDK_MN004","2564","20160117","2.7","3","0"
"SDK_MN004","2564","20160118","1.7","3","0"
"SDK_MN004","2564","20160119","0","3","0"
"SDK_MN004","2564","20160120","0.8","3","0"
"SDK_MN004","2564","20160121","2.5","3","0"
"SDK_MN004","2564","20160122","4.9","3","0"
"SDK_MN004","2564","20160123","0","3","0"
"SDK_MN004","2564","20160124","0.1","3","0"
"SDK_MN004","2564","20160125","0","3","0"
"SDK_MN004","2564","20160126","0.6","3","0"
"SDK_MN004","2564","20160127","0","3","0"
"SDK_MN004","2564","20160128","3.2","3","0"
"SDK_MN004","2564","20160129","0","3","0"
"SDK_MN004","2564","20160130","0.2","3","0"
"SDK_MN004","2564","20160131","0.1","3","0"
"SDK_MN004","2564","20160201","0","3","0"
"SDK_MN004","2564","20160202","0","3","0"
"SDK_MN004","2564","20160203","0.5","3","0"
"SDK_MN004","2564","20160204","2.3","3","0"
"SDK_MN004","2564","20160205","0","3","0"
"SDK_MN004","2564","20160206","0.1","3","0"
"SDK_MN004","2564","20160207","0.7","3","0"
"SDK_MN004","2564","20160208","0.7","3","0"
"SDK_MN004","2564","20160209","2.4","3","0"
"SDK_MN004","2564","20160210","0.1","3","0"
"SDK_MN004","2564","20160211","0.4","3","0"
"SDK_MN004","2564","20160212","0.2","3","0"
"SDK_MN004","2564","20160213","0.4","3","0"
"SDK_MN004","2564","20160214","0","3","0"
"SDK_MN004","2564","20160215","0","3","0"
"SDK_MN004","2564","20160216","7.8","3","0"
"SDK_MN004","2564","20160217","6.8","3","0"
"SDK_MN004","2564","20160218","2.5","3","0"
"SDK_MN004","2564","20160219","1","3","0"
"SDK_MN004","2564","20160220","0","3","0"
"SDK_MN004","2564","20160221","0","3","0"
"SDK_MN004","2564","20160222","0.9","3","0"
"SDK_MN004","2564","20160223","6","3","0"
"SDK_MN004","2564","20160224","6.1","3","0"
"SDK_MN004","2564","20160225","2.6","3","0"
"SDK_MN004","2564","20160226","3.5","3","0"
"SDK_MN004","2564","20160227","1.8","3","0"
"SDK_MN004","2564","20160228","6.2","3","0"
"SDK_MN004","2564","20160229","1.1","3","0"
"SDK_MN004","2564","20160301","2","3","0"
"SDK_MN004","2564","20160302","0","3","0"
"SDK_MN004","2564","20160303","0.1","3","0"
"SDK_MN004","2564","20160304","2.5","3","0"
"SDK_MN004","2564","20160305","0","3","0"
"SDK_MN004","2564","20160306","1.2","3","0"
"SDK_MN004","2564","20160307","2.6","3","0"
"SDK_MN004","2564","20160308","3.3","3","0"
"SDK_MN004","2564","20160309","9","3","0"
"SDK_MN004","2564","20160310","0.3","3","0"
"SDK_MN004","2564","20160311","0","3","0"
"SDK_MN004","2564","20160312","0.1","3","0"
"SDK_MN004","2564","20160313","0","3","0"
"SDK_MN004","2564","20160314","0","3","0"
"SDK_MN004","2564","20160315","3.5","3","0"
"SDK_MN004","2564","20160316","9.1","3","0"
"SDK_MN004","2564","20160317","11.4","3","0"
"SDK_MN004","2564","20160318","0","3","0"
"SDK_MN004","2564","20160319","3.1","3","0"
"SDK_MN004","2564","20160320","3","3","0"
"SDK_MN004","2564","20160321","0.3","3","0"
"SDK_MN004","2564","20160322","0.4","3","0"
"SDK_MN004","2564","20160323","9.1","3","0"
"SDK_MN004","2564","20160324","4.1","3","0"
"SDK_MN004","2564","20160325","0","3","0"
"SDK_MN004","2564","20160326","6.9","3","0"
"SDK_MN004","2564","20160327","0.9","3","0"
"SDK_MN004","2564","20160328","5.1","3","0"
"SDK_MN004","2564","20160329","5.4","3","0"
"SDK_MN004","2564","20160330","3.4","3","0"
"SDK_MN004","2564","20160331","6","3","0"
"SDK_MN004","2564","20160401","11.9","3","0"
"SDK_MN004","2564","20160402","7.6","3","0"
"SDK_MN004","2564","20160403","1.5","3","0"
"SDK_MN004","2564","20160404","2.7","3","0"
"SDK_MN004","2564","20160405","0","3","0"
"SDK_MN004","2564","20160406","1.2","3","0"
"SDK_MN004","2564","20160407","5","3","0"
"SDK_MN004","2564","20160408","3.3","3","0"
"SDK_MN004","2564","20160409","6","3","0"
"SDK_MN004","2564","20160410","4.8","3","0"
"SDK_MN004","2564","20160411","9.9","3","0"
"SDK_MN004","2564","20160412","3.1","3","0"
"SDK_MN004","2564","20160413","3.5","3","0"
"SDK_MN004","2564","20160414","3.9","3","0"
"SDK_MN004","2564","20160415","0.9","3","0"
"SDK_MN004","2564","20160416","3.9","3","0"
"SDK_MN004","2564","20160417","10.1","3","0"
"SDK_MN004","2564","20160418","0.5","3","0"
"SDK_MN004","2564","20160419","5.3","3","0"
"SDK_MN004","2564","20160420","11.8","3","0"
"SDK_MN004","2564","20160421","10.9","3","0"
"SDK_MN004","2564","20160422","9.1","3","0"
"SDK_MN004","2564","20160423","9.2","3","0"
"SDK_MN004","2564","20160424","8.7","3","0"
"SDK_MN004","2564","20160425","1.2","3","0"
"SDK_MN004","2564","20160426","0.5","3","0"
"SDK_MN004","2564","20160427","0.3","3","0"
"SDK_MN004","2564","20160428","5.3","3","0"
"SDK_MN004","2564","20160429","4.9","3","0"
"SDK_MN004","2564","20160430","0.2","3","0"
"SDK_MN004","2564","20160501","13.7","3","0"
"SDK_MN004","2564","20160502","12.7","3","0"
"SDK_MN004","2564","20160503","4.2","3","0"
"SDK_MN004","2564","20160504","13.1","3","0"
"SDK_MN004","2564","20160505","14.7","3","0"
"SDK_MN004","2564","20160506","13.9","3","0"
"SDK_MN004","2564","20160507","14.8","3","0"
"SDK_MN004","2564","20160508","14.8","3","0"
"SDK_MN004","2564","20160509","14.6","3","0"
"SDK_MN004","2564","20160510","14.6","3","0"
"SDK_MN004","2564","20160511","13.9","3","0"
"SDK_MN004","2564","20160512","13.2","3","0"
"SDK_MN004","2564","20160513","13.2","3","0"
"SDK_MN004","2564","20160514","2.5","3","0"
"SDK_MN004","2564","20160515","4.2","3","0"
"SDK_MN004","2564","20160516","10","3","0"
"SDK_MN004","2564","20160517","0.2","3","0"
"SDK_MN004","2564","20160518","6.5","3","0"
"SDK_MN004","2564","20160519","8.7","3","0"
"SDK_MN004","2564","20160520","0.6","3","0"
"SDK_MN004","2564","20160521","3.3","3","0"
"SDK_MN004","2564","20160522","9.4","3","0"
"SDK_MN004","2564","20160523","0.4","3","0"
"SDK_MN004","2564","20160524","0.5","3","0"
"SDK_MN004","2564","20160525","1.8","3","0"
"SDK_MN004","2564","20160526","0","3","0"
"SDK_MN004","2564","20160527","6.8","3","0"
"SDK_MN004","2564","20160528","10","3","0"
"SDK_MN004","2564","20160529","1.7","3","0"
"SDK_MN004","2564","20160530","10.8","3","0"
"SDK_MN004","2564","20160531","12.4","3","0"
"SDK_MN004","2564","20160601","8.2","3","0"
"SDK_MN004","2564","20160602","9.7","3","0"
"SDK_MN004","2564","20160603","13.9","3","0"
"SDK_MN004","2564","20160604","14.7","3","0"
"SDK_MN004","2564","20160605","15.7","3","0"
"SDK_MN004","2564","20160606","15.8","3","0"
"SDK_MN004","2564","20160607","14.6","3","0"
"SDK_MN004","2564","20160608","5.6","3","0"
"SDK_MN004","2564","20160609","14.2","3","0"
"SDK_MN004","2564","20160610","9","3","0"
"SDK_MN004","2564","20160611","11.5","3","0"
"SDK_MN004","2564","20160612","0","3","0"
"SDK_MN004","2564","20160613","0.3","3","0"
"SDK_MN004","2564","20160614","0.4","3","0"
"SDK_MN004","2564","20160615","1.7","3","0"
"SDK_MN004","2564","20160616","5.4","3","0"
"SDK_MN004","2564","20160617","4","3","0"
"SDK_MN004","2564","20160618","9.3","3","0"
"SDK_MN004","2564","20160619","1","3","0"
"SDK_MN004","2564","20160620","8.7","3","0"
"SDK_MN004","2564","20160621","8","3","0"
"SDK_MN004","2564","20160622","6.6","3","0"
"SDK_MN004","2564","20160623","7.6","3","0"
"SDK_MN004","2564","20160624","3.7","3","0"
"SDK_MN004","2564","20160625","0","3","0"
"SDK_MN004","2564","20160626","9.2","3","0"
"SDK_MN004","2564","20160627","6.7","3","0"
"SDK_MN004","2564","20160628","8.8","3","0"
"SDK_MN004","2564","20160629","4.4","3","0"
"SDK_MN004","2564","20160630","1.3","3","0"
"SDK_MN004","2564","20160701","0.8","3","0"
"SDK_MN004","2564","20160702","3.4","3","0"
"SDK_MN004","2564","20160703","10.9","3","0"
"SDK_MN004","2564","20160704","5","3","0"
"SDK_MN004","2564","20160705","3.5","3","0"
"SDK_MN004","2564","20160706","8.2","3","0"
"SDK_MN004","2564","20160707","7.4","3","0"
"SDK_MN004","2564","20160708","5.6","3","0"
"SDK_MN004","2564","20160709","4.6","3","0"
"SDK_MN004","2564","20160710","3.4","3","0"
"SDK_MN004","2564","20160711","4.4","3","0"
"SDK_MN004","2564","20160712","8.6","3","0"
"SDK_MN004","2564","20160713","4.8","3","0"
"SDK_MN004","2564","20160714","5.4","3","0"
"SDK_MN004","2564","20160715","1.5","3","0"
"SDK_MN004","2564","20160716","1.7","3","0"
"SDK_MN004","2564","20160717","3","3","0"
"SDK_MN004","2564","20160718","2.2","3","0"
"SDK_MN004","2564","20160719","4.1","3","0"
"SDK_MN004","2564","20160720","15.3","3","0"
"SDK_MN004","2564","20160721","8.5","3","0"
"SDK_MN004","2564","20160722","9.2","3","0"
"SDK_MN004","2564","20160723","8.7","3","0"
"SDK_MN004","2564","20160724","12.6","3","0"
"SDK_MN004","2564","20160725","4.6","3","0"
"SDK_MN004","2564","20160726","11.7","3","0"
"SDK_MN004","2564","20160727","3.8","3","0"
"SDK_MN004","2564","20160728","10.9","3","0"
"SDK_MN004","2564","20160729","3.1","3","0"
"SDK_MN004","2564","20160730","5.1","3","0"
"SDK_MN004","2564","20160731","3.1","3","0"
"SDK_MN004","2564","20160801","6.4","3","0"
"SDK_MN004","2564","20160802","7.7","3","0"
"SDK_MN004","2564","20160803","0","3","0"
"SDK_MN004","2564","20160804","5.4","3","0"
"SDK_MN004","2564","20160805","6.5","3","0"
"SDK_MN004","2564","20160806","6.7","3","0"
"SDK_MN004","2564","20160807","3.7","3","0"
"SDK_MN004","2564","20160808","3.8","3","0"
"SDK_MN004","2564","20160809","4.8","3","0"
"SDK_MN004","2564","20160810","10.1","3","0"
"SDK_MN004","2564","20160811","2.9","3","0"
"SDK_MN004","2564","20160812","0.3","3","0"
"SDK_MN004","2564","20160813","1.4","3","0"
"SDK_MN004","2564","20160814","5.9","3","0"
"SDK_MN004","2564","20160815","6.2","3","0"
"SDK_MN004","2564","20160816","13.2","3","0"
"SDK_MN004","2564","20160817","13.2","3","0"
"SDK_MN004","2564","20160818","5.9","3","0"
"SDK_MN004","2564","20160819","8.3","3","0"
"SDK_MN004","2564","20160820","3.3","3","0"
"SDK_MN004","2564","20160821","7.9","3","0"
"SDK_MN004","2564","20160822","0.9","3","0"
"SDK_MN004","2564","20160823","4.8","3","0"
"SDK_MN004","2564","20160824","13.4","3","0"
"SDK_MN004","2564","20160825","13.6","3","0"
"SDK_MN004","2564","20160826","12.9","3","0"
"SDK_MN004","2564","20160827","12.3","3","0"
"SDK_MN004","2564","20160828","4.9","3","0"
"SDK_MN004","2564","20160829","7.1","3","0"
"SDK_MN004","2564","20160830","11.5","3","0"
"SDK_MN004","2564","20160831","12.3","3","0"
"SDK_MN004","2564","20160901","8.5","3","0"
"SDK_MN004","2564","20160902","5.1","3","0"
"SDK_MN004","2564","20160903","2.9","3","0"
"SDK_MN004","2564","20160904","0.6","3","0"
"SDK_MN004","2564","20160905","10.3","3","0"
"SDK_MN004","2564","20160906","11.1","3","0"
"SDK_MN004","2564","20160907","11.3","3","0"
"SDK_MN004","2564","20160908","12.3","3","0"
"SDK_MN004","2564","20160909","8.5","3","0"
"SDK_MN004","2564","20160910","10.8","3","0"
"SDK_MN004","2564","20160911","5.1","3","0"
"SDK_MN004","2564","20160912","11.8","3","0"
"SDK_MN004","2564","20160913","11.7","3","0"
"SDK_MN004","2564","20160914","11.1","3","0"
"SDK_MN004","2564","20160915","12","3","0"
"SDK_MN004","2564","20160916","6.4","3","0"
"SDK_MN004","2564","20160917","3.9","3","0"
"SDK_MN004","2564","20160918","2.6","3","0"
"SDK_MN004","2564","20160919","2.1","3","0"
"SDK_MN004","2564","20160920","5.9","3","0"
"SDK_MN004","2564","20160921","6.6","3","0"
"SDK_MN004","2564","20160922","5.9","3","0"
"SDK_MN004","2564","20160923","5","3","0"
"SDK_MN004","2564","20160924","10.3","3","0"
"SDK_MN004","2564","20160925","10.9","3","0"
"SDK_MN004","2564","20160926","3.9","3","0"
"SDK_MN004","2564","20160927","9.3","3","0"
"SDK_MN004","2564","20160928","4.1","3","0"
"SDK_MN004","2564","20160929","0","3","0"
"SDK_MN004","2564","20160930","3.7","3","0"
"SDK_MN004","2564","20161001","5.1","3","0"
"SDK_MN004","2564","20161002","5.5","3","0"
"SDK_MN004","2564","20161003","0.4","3","0"
"SDK_MN004","2564","20161004","6.1","3","0"
"SDK_MN004","2564","20161005","6.9","3","0"
"SDK_MN004","2564","20161006","0","3","0"
"SDK_MN004","2564","20161007","0","3","0"
"SDK_MN004","2564","20161008","4.2","3","0"
"SDK_MN004","2564","20161009","0.4","3","0"
"SDK_MN004","2564","20161010","0.9","3","0"
"SDK_MN004","2564","20161011","0","3","0"
"SDK_MN004","2564","20161012","0.1","3","0"
"SDK_MN004","2564","20161013","1.6","3","0"
"SDK_MN004","2564","20161014","0.9","3","0"
"SDK_MN004","2564","20161015","0","3","0"
"SDK_MN004","2564","20161016","0","3","0"
"SDK_MN004","2564","20161017","0","3","0"
"SDK_MN004","2564","20161018","0.9","3","0"
"SDK_MN004","2564","20161019","0.4","3","0"
"SDK_MN004","2564","20161020","0.4","3","0"
"SDK_MN004","2564","20161021","1.3","3","0"
"SDK_MN004","2564","20161022","0","3","0"
"SDK_MN004","2564","20161023","0","3","0"
"SDK_MN004","2564","20161024","2.6","3","0"
"SDK_MN004","2564","20161025","2.1","3","0"
"SDK_MN004","2564","20161026","1.1","3","0"
"SDK_MN004","2564","20161027","1.2","3","0"
"SDK_MN004","2564","20161028","1","3","0"
"SDK_MN004","2564","20161029","3.1","3","0"
"SDK_MN004","2564","20161030","5.8","3","0"
"SDK_MN004","2564","20161031","0","3","0"
"SDK_MN004","2564","20161101","0.5","3","0"
"SDK_MN004","2564","20161102","4.2","3","0"
"SDK_MN004","2564","20161103","4.1","3","0"
"SDK_MN004","2564","20161104","0.2","3","0"
"SDK_MN004","2564","20161105","0","3","0"
"SDK_MN004","2564","20161106","0.1","3","0"
"SDK_MN004","2564","20161107","0","3","0"
"SDK_MN004","2564","20161108","0","3","0"
"SDK_MN004","2564","20161109","6.2","3","0"
"SDK_MN004","2564","20161110","0","3","0"
"SDK_MN004","2564","20161111","3.6","3","0"
"SDK_MN004","2564","20161112","4.5","3","0"
"SDK_MN004","2564","20161113","2.3","3","0"
"SDK_MN004","2564","20161114","3.2","3","0"
"SDK_MN004","2564","20161115","0","3","0"
"SDK_MN004","2564","20161116","0","3","0"
"SDK_MN004","2564","20161117","1.8","3","0"
"SDK_MN004","2564","20161118","1.6","3","0"
"SDK_MN004","2564","20161119","1.5","3","0"
"SDK_MN004","2564","20161120","1","3","0"
"SDK_MN004","2564","20161121","0","3","0"
"SDK_MN004","2564","20161122","0","3","0"
"SDK_MN004","2564","20161123","0","3","0"
"SDK_MN004","2564","20161124","5","3","0"
"SDK_MN004","2564","20161125","0","3","0"
"SDK_MN004","2564","20161126","0","3","0"
"SDK_MN004","2564","20161127","5.5","3","0"
"SDK_MN004","2564","20161128","5","3","0"
"SDK_MN004","2564","20161129","4.4","3","0"
"SDK_MN004","2564","20161130","0","3","0"
"SDK_MN004","2564","20161201","0.1","3","0"
"SDK_MN004","2564","20161202","5.1","3","0"
"SDK_MN004","2564","20161203","2.7","3","0"
"SDK_MN004","2564","20161204","0","3","0"
"SDK_MN004","2564","20161205","0.4","3","0"
"SDK_MN004","2564","20161206","0","3","0"
"SDK_MN004","2564","20161207","0","3","0"
"SDK_MN004","2564","20161208","0","3","0"
"SDK_MN004","2564","20161209","0","3","0"
"SDK_MN004","2564","20161210","0","3","0"
"SDK_MN004","2564","20161211","0.2","3","0"
"SDK_MN004","2564","20161212","0.4","3","0"
"SDK_MN004","2564","20161213","0","3","0"
"SDK_MN004","2564","20161214","0","3","0"
"SDK_MN004","2564","20161215","0","3","0"
"SDK_MN004","2564","20161216","0","3","0"
"SDK_MN004","2564","20161217","0","3","0"
"SDK_MN004","2564","20161218","0","3","0"
"SDK_MN004","2564","20161219","0","3","0"
"SDK_MN004","2564","20161220","0","3","0"
"SDK_MN004","2564","20161221","1.6","3","0"
"SDK_MN004","2564","20161222","0","3","0"
"SDK_MN004","2564","20161223","0","3","0"
"SDK_MN004","2564","20161224","0","3","0"
"SDK_MN004","2564","20161225","0","3","0"
"SDK_MN004","2564","20161226","1.6","3","0"
"SDK_MN004","2564","20161227","1","3","0"
"SDK_MN004","2564","20161228","3.8","3","0"
"SDK_MN004","2564","20161229","4.4","3","0"
"SDK_MN004","2564","20161230","2.8","3","0"
"SDK_MN004","2564","20161231","0","3","0"
"SDK_MN004","2564","20170101","0","3","0"
"SDK_MN004","2564","20170102","4.5","3","0"
"SDK_MN004","2564","20170103","0","3","0"
"SDK_MN004","2564","20170104","2.3","3","0"
"SDK_MN004","2564","20170105","1.9","3","0"
"SDK_MN004","2564","20170106","5","3","0"
"SDK_MN004","2564","20170107","0","3","0"
"SDK_MN004","2564","20170108","0","3","0"
"SDK_MN004","2564","20170109","0","3","0"
"SDK_MN004","2564","20170110","0","3","0"
"SDK_MN004","2564","20170111","0.1","3","0"
"SDK_MN004","2564","20170112","2.1","3","0"
"SDK_MN004","2564","20170113","3.4","3","0"
"SDK_MN004","2564","20170114","3.6","3","0"
"SDK_MN004","2564","20170115","1.4","3","0"
"SDK_MN004","2564","20170116","5.5","3","0"
"SDK_MN004","2564","20170117","1.9","3","0"
"SDK_MN004","2564","20170118","0","3","0"
"SDK_MN004","2564","20170119","0","3","0"
"SDK_MN004","2564","20170120","0","3","0"
"SDK_MN004","2564","20170121","0.2","3","0"
"SDK_MN004","2564","20170122","0","3","0"
"SDK_MN004","2564","20170123","0.4","3","0"
"SDK_MN004","2564","20170124","0","3","0"
"SDK_MN004","2564","20170125","0","3","0"
"SDK_MN004","2564","20170126","0.8","3","0"
"SDK_MN004","2564","20170127","7.1","3","0"
"SDK_MN004","2564","20170128","5.9","3","0"
"SDK_MN004","2564","20170129","0","3","0"
"SDK_MN004","2564","20170130","0","3","0"
"SDK_MN004","2564","20170131","0.1","3","0"
"SDK_MN004","2564","20170201","0","3","0"
"SDK_MN004","2564","20170202","0","3","0"
"SDK_MN004","2564","20170203","0","3","0"
"SDK_MN004","2564","20170204","0.2","3","0"
"SDK_MN004","2564","20170205","0","3","0"
"SDK_MN004","2564","20170206","0.2","3","0"
"SDK_MN004","2564","20170207","0","3","0"
"SDK_MN004","2564","20170208","0","3","0"
"SDK_MN004","2564","20170209","0","3","0"
"SDK_MN004","2564","20170210","0.2","3","0"
"SDK_MN004","2564","20170211","0","3","0"
"SDK_MN004","2564","20170212","0","3","0"
"SDK_MN004","2564","20170213","7.1","3","0"
"SDK_MN004","2564","20170214","5.2","3","0"
"SDK_MN004","2564","20170215","7.7","3","0"
"SDK_MN004","2564","20170216","1.6","3","0"
"SDK_MN004","2564","20170217","0.3","3","0"
"SDK_MN004","2564","20170218","0","3","0"
"SDK_MN004","2564","20170219","0","3","0"
"SDK_MN004","2564","20170220","0","3","0"
"SDK_MN004","2564","20170221","3.4","3","0"
"SDK_MN004","2564","20170222","0.9","3","0"
"SDK_MN004","2564","20170223","0","3","0"
"SDK_MN004","2564","20170224","6","3","0"
"SDK_MN004","2564","20170225","0","3","0"
"SDK_MN004","2564","20170226","0","3","0"
"SDK_MN004","2564","20170227","0","3","0"
"SDK_MN004","2564","20170228","2.1","3","0"
"SDK_MN004","2564","20170301","1.3","3","0"
"SDK_MN004","2564","20170302","2.9","3","0"
"SDK_MN004","2564","20170303","6.9","3","0"
"SDK_MN004","2564","20170304","0.8","3","0"
"SDK_MN004","2564","20170305","0.2","3","0"
"SDK_MN004","2564","20170306","0","3","0"
"SDK_MN004","2564","20170307","0","3","0"
"SDK_MN004","2564","20170308","0.5","3","0"
"SDK_MN004","2564","20170309","0.4","3","0"
"SDK_MN004","2564","20170310","5.3","3","0"
"SDK_MN004","2564","20170311","6","3","0"
"SDK_MN004","2564","20170312","2.3","3","0"
"SDK_MN004","2564","20170313","1.2","3","0"
"SDK_MN004","2564","20170314","2.1","3","0"
"SDK_MN004","2564","20170315","9.6","3","0"
"SDK_MN004","2564","20170316","3.7","3","0"
"SDK_MN004","2564","20170317","1.8","3","0"
"SDK_MN004","2564","20170318","4.6","3","0"
"SDK_MN004","2564","20170319","0","3","0"
"SDK_MN004","2564","20170320","0.2","3","0"
"SDK_MN004","2564","20170321","6.2","3","0"
"SDK_MN004","2564","20170322","11.6","3","0"
"SDK_MN004","2564","20170323","5.2","3","0"
"SDK_MN004","2564","20170324","11.5","3","0"
"SDK_MN004","2564","20170325","7.8","3","0"
"SDK_MN004","2564","20170326","6.5","3","0"
"SDK_MN004","2564","20170327","9.7","3","0"
"SDK_MN004","2564","20170328","11.8","3","0"
"SDK_MN004","2564","20170329","0","3","0"
"SDK_MN004","2564","20170330","1.8","3","0"
"SDK_MN004","2564","20170331","8","3","0"
"SDK_MN004","2564","20170401","7.7","3","0"
"SDK_MN004","2564","20170402","6.8","3","0"
"SDK_MN004","2564","20170403","11.4","3","0"
"SDK_MN004","2564","20170404","10.8","3","0"
"SDK_MN004","2564","20170405","3.9","3","0"
"SDK_MN004","2564","20170406","7.3","3","0"
"SDK_MN004","2564","20170407","4.3","3","0"
"SDK_MN004","2564","20170408","0","3","0"
"SDK_MN004","2564","20170409","13","3","0"
"SDK_MN004","2564","20170410","1.1","3","0"
"SDK_MN004","2564","20170411","4.1","3","0"
"SDK_MN004","2564","20170412","0","3","0"
"SDK_MN004","2564","20170413","4.6","3","0"
"SDK_MN004","2564","20170414","0.6","3","0"
"SDK_MN004","2564","20170415","4.2","3","0"
"SDK_MN004","2564","20170416","2.8","3","0"
"SDK_MN004","2564","20170417","6.6","3","0"
"SDK_MN004","2564","20170418","9.3","3","0"
"SDK_MN004","2564","20170419","12","3","0"
"SDK_MN004","2564","20170420","5.1","3","0"
"SDK_MN004","2564","20170421","0.1","3","0"
"SDK_MN004","2564","20170422","8.2","3","0"
"SDK_MN004","2564","20170423","8","3","0"
"SDK_MN004","2564","20170424","0.6","3","0"
"SDK_MN004","2564","20170425","5.8","3","0"
"SDK_MN004","2564","20170426","7.7","3","0"
"SDK_MN004","2564","20170427","7.5","3","0"
"SDK_MN004","2564","20170428","0.9","3","0"
"SDK_MN004","2564","20170429","7.7","3","0"
"SDK_MN004","2564","20170430","13.7","3","0"
"SDK_MN004","2564","20170501","11.5","3","0"
"SDK_MN004","2564","20170502","9.7","3","0"
"SDK_MN004","2564","20170503","8.7","3","0"
"SDK_MN004","2564","20170504","1.9","3","0"
"SDK_MN004","2564","20170505","0","3","0"
"SDK_MN004","2564","20170506","1.5","3","0"
"SDK_MN004","2564","20170507","12.5","3","0"
"SDK_MN004","2564","20170508","10.2","3","0"
"SDK_MN004","2564","20170509","8.4","3","0"
"SDK_MN004","2564","20170510","1.4","3","0"
"SDK_MN004","2564","20170511","13.8","3","0"
"SDK_MN004","2564","20170512","3.6","3","0"
"SDK_MN004","2564","20170513","2.2","3","0"
"SDK_MN004","2564","20170514","10.3","3","0"
"SDK_MN004","2564","20170515","8.7","3","0"
"SDK_MN004","2564","20170516","0","3","0"
"SDK_MN004","2564","20170517","6.9","3","0"
"SDK_MN004","2564","20170518","10","3","0"
"SDK_MN004","2564","20170519","3.3","3","0"
"SDK_MN004","2564","20170520","8.1","3","0"
"SDK_MN004","2564","20170521","14.6","3","0"
"SDK_MN004","2564","20170522","14.6","3","0"
"SDK_MN004","2564","20170523","9.7","3","0"
"SDK_MN004","2564","20170524","11.3","3","0"
"SDK_MN004","2564","20170525","13.7","3","0"
"SDK_MN004","2564","20170526","12.5","3","0"
"SDK_MN004","2564","20170527","16.1","3","0"
"SDK_MN004","2564","20170528","12.2","3","0"
"SDK_MN004","2564","20170529","4.6","3","0"
"SDK_MN004","2564","20170530","3.4","3","0"
"SDK_MN004","2564","20170531","10.3","3","0"
"SDK_MN004","2564","20170601","15.5","3","0"
"SDK_MN004","2564","20170602","15.5","3","0"
"SDK_MN004","2564","20170603","0.8","3","0"
"SDK_MN004","2564","20170604","6.8","3","0"
"SDK_MN004","2564","20170605","15.2","3","0"
"SDK_MN004","2564","20170606","10.5","3","0"
"SDK_MN004","2564","20170607","1.9","3","0"
"SDK_MN004","2564","20170608","1.5","3","0"
"SDK_MN004","2564","20170609","4.6","3","0"
"SDK_MN004","2564","20170610","5.8","3","0"
"SDK_MN004","2564","20170611","10.5","3","0"
"SDK_MN004","2564","20170612","2.9","3","0"
"SDK_MN004","2564","20170613","5.7","3","0"
"SDK_MN004","2564","20170614","8.7","3","0"
"SDK_MN004","2564","20170615","9.5","3","0"
"SDK_MN004","2564","20170616","8.5","3","0"
"SDK_MN004","2564","20170617","13.6","3","0"
"SDK_MN004","2564","20170618","11.3","3","0"
"SDK_MN004","2564","20170619","12.4","3","0"
"SDK_MN004","2564","20170620","12.6","3","0"
"SDK_MN004","2564","20170621","10.9","3","0"
"SDK_MN004","2564","20170622","4.8","3","0"
"SDK_MN004","2564","20170623","0.4","3","0"
"SDK_MN004","2564","20170624","3.2","3","0"
"SDK_MN004","2564","20170625","1.8","3","0"
"SDK_MN004","2564","20170626","10.2","3","0"
"SDK_MN004","2564","20170627","11.2","3","0"
"SDK_MN004","2564","20170628","4.8","3","0"
"SDK_MN004","2564","20170629","1.3","3","0"
"SDK_MN004","2564","20170630","0","3","0"
"SDK_MN004","2564","20170701","4.1","3","0"
"SDK_MN004","2564","20170702","3.5","3","0"
"SDK_MN004","2564","20170703","6.4","3","0"
"SDK_MN004","2564","20170704","5.6","3","0"
"SDK_MN004","2564","20170705","12.1","3","0"
"SDK_MN004","2564","20170706","15.4","3","0"
"SDK_MN004","2564","20170707","5.7","3","0"
"SDK_MN004","2564","20170708","8.5","3","0"
"SDK_MN004","2564","20170709","16.1","3","0"
"SDK_MN004","2564","20170710","2","3","0"
"SDK_MN004","2564","20170711","3","3","0"
"SDK_MN004","2564","20170712","2.4","3","0"
"SDK_MN004","2564","20170713","6.9","3","0"
"SDK_MN004","2564","20170714","8.8","3","0"
"SDK_MN004","2564","20170715","4.8","3","0"
"SDK_MN004","2564","20170716","1.4","3","0"
"SDK_MN004","2564","20170717","5.2","3","0"
"SDK_MN004","2564","20170718","9.3","3","0"
"SDK_MN004","2564","20170719","13","3","0"
"SDK_MN004","2564","20170720","0.9","3","0"
"SDK_MN004","2564","20170721","13","3","0"
"SDK_MN004","2564","20170722","0.1","3","0"
"SDK_MN004","2564","20170723","4.3","3","0"
"SDK_MN004","2564","20170724","3.6","3","0"
"SDK_MN004","2564","20170725","0","3","0"
"SDK_MN004","2564","20170726","9.8","3","0"
"SDK_MN004","2564","20170727","0.5","3","0"
"SDK_MN004","2564","20170728","7.8","3","0"
"SDK_MN004","2564","20170729","4.6","3","0"
"SDK_MN004","2564","20170730","5.7","3","0"
"SDK_MN004","2564","20170731","9.2","3","0"
"SDK_MN004","2564","20170801","2.2","3","0"
"SDK_MN004","2564","20170802","4.5","3","0"
"SDK_MN004","2564","20170803","2.5","3","0"
"SDK_MN004","2564","20170804","4.7","3","0"
"SDK_MN004","2564","20170805","9.7","3","0"
"SDK_MN004","2564","20170806","11.1","3","0"
"SDK_MN004","2564","20170807","13.2","3","0"
"SDK_MN004","2564","20170808","4.2","3","0"
"SDK_MN004","2564","20170809","8.6","3","0"
"SDK_MN004","2564","20170810","6.7","3","0"
"SDK_MN004","2564","20170811","0","3","0"
"SDK_MN004","2564","20170812","0.4","3","0"
"SDK_MN004","2564","20170813","8.2","3","0"
"SDK_MN004","2564","20170814","12.9","3","0"
"SDK_MN004","2564","20170815","7.7","3","0"
"SDK_MN004","2564","20170816","8.9","3","0"
"SDK_MN004","2564","20170817","3.2","3","0"
"SDK_MN004","2564","20170818","0.1","3","0"
"SDK_MN004","2564","20170819","7.4","3","0"
"SDK_MN004","2564","20170820","6","3","0"
"SDK_MN004","2564","20170821","2.2","3","0"
"SDK_MN004","2564","20170822","7.7","3","0"
"SDK_MN004","2564","20170823","11.5","3","0"
"SDK_MN004","2564","20170824","5.5","3","0"
"SDK_MN004","2564","20170825","8.8","3","0"
"SDK_MN004","2564","20170826","5.6","3","0"
"SDK_MN004","2564","20170827","9","3","0"
"SDK_MN004","2564","20170828","9.6","3","0"
"SDK_MN004","2564","20170829","12.3","3","0"
"SDK_MN004","2564","20170830","0.7","3","0"
"SDK_MN004","2564","20170831","1","3","0"
"SDK_MN004","2564","20170901","5.7","3","0"
"SDK_MN004","2564","20170902","8.1","3","0"
"SDK_MN004","2564","20170903","9.4","3","0"
"SDK_MN004","2564","20170904","12.3","3","0"
"SDK_MN004","2564","20170905","7.4","3","0"
"SDK_MN004","2564","20170906","1","3","0"
"SDK_MN004","2564","20170907","5.5","3","0"
"SDK_MN004","2564","20170908","0","3","0"
"SDK_MN004","2564","20170909","1.9","3","0"
"SDK_MN004","2564","20170910","8.8","3","0"
"SDK_MN004","2564","20170911","6.6","3","0"
"SDK_MN004","2564","20170912","4.9","3","0"
"SDK_MN004","2564","20170913","0.9","3","0"
"SDK_MN004","2564","20170914","1.5","3","0"
"SDK_MN004","2564","20170915","5.4","3","0"
"SDK_MN004","2564","20170916","0.1","3","0"
"SDK_MN004","2564","20170917","2.7","3","0"
"SDK_MN004","2564","20170918","8.4","3","0"
"SDK_MN004","2564","20170919","3.5","3","0"
"SDK_MN004","2564","20170920","1.2","3","0"
"SDK_MN004","2564","20170921","3.8","3","0"
"SDK_MN004","2564","20170922","8.3","3","0"
"SDK_MN004","2564","20170923","10.4","3","0"
"SDK_MN004","2564","20170924","0.8","3","0"
"SDK_MN004","2564","20170925","1.4","3","0"
"SDK_MN004","2564","20170926","0.2","3","0"
"SDK_MN004","2564","20170927","2.1","3","0"
"SDK_MN004","2564","20170928","1.2","3","0"
"SDK_MN004","2564","20170929","6.8","3","0"
"SDK_MN004","2564","20170930","0","3","0"
"SDK_MN004","2564","20171001","6.5","3","0"
"SDK_MN004","2564","20171002","1.5","3","0"
"SDK_MN004","2564","20171003","6.8","3","0"
"SDK_MN004","2564","20171004","0","3","0"
"SDK_MN004","2564","20171005","1.6","3","0"
"SDK_MN004","2564","20171006","7.3","3","0"
"SDK_MN004","2564","20171007","0","3","0"
"SDK_MN004","2564","20171008","8.7","3","0"
"SDK_MN004","2564","20171009","2.8","3","0"
"SDK_MN004","2564","20171010","0.6","3","0"
"SDK_MN004","2564","20171011","0.3","3","0"
"SDK_MN004","2564","20171012","2","3","0"
"SDK_MN004","2564","20171013","2.2","3","0"
"SDK_MN004","2564","20171014","0","3","0"
"SDK_MN004","2564","20171015","4.6","3","0"
"SDK_MN004","2564","20171016","3.3","3","0"
"SDK_MN004","2564","20171017","0.7","3","0"
"SDK_MN004","2564","20171018","4.2","3","0"
"SDK_MN004","2564","20171019","2.1","3","0"
"SDK_MN004","2564","20171020","0","3","0"
"SDK_MN004","2564","20171021","0","3","0"
"SDK_MN004","2564","20171022","1.7","3","0"
"SDK_MN004","2564","20171023","0.2","3","0"
"SDK_MN004","2564","20171024","0","3","0"
"SDK_MN004","2564","20171025","0.6","3","0"
"SDK_MN004","2564","20171026","2.5","3","0"
"SDK_MN004","2564","20171027","4.4","3","0"
"SDK_MN004","2564","20171028","0","3","0"
"SDK_MN004","2564","20171029","6.5","3","0"
"SDK_MN004","2564","20171030","7.4","3","0"
"SDK_MN004","2564","20171031","0","3","0"
"SDK_MN004","2564","20171101","0","3","0"
"SDK_MN004","2564","20171102","3.4","3","0"
"SDK_MN004","2564","20171103","0.4","3","0"
"SDK_MN004","2564","20171104","1.3","3","0"
"SDK_MN004","2564","20171105","0","3","0"
"SDK_MN004","2564","20171106","4.5","3","0"
"SDK_MN004","2564","20171107","5.8","3","0"
"SDK_MN004","2564","20171108","2.2","3","0"
"SDK_MN004","2564","20171109","0.5","3","0"
"SDK_MN004","2564","20171110","0.2","3","0"
"SDK_MN004","2564","20171111","1.2","3","0"
"SDK_MN004","2564","20171112","0","3","0"
"SDK_MN004","2564","20171113","5.1","3","0"
"SDK_MN004","2564","20171114","0","3","0"
"SDK_MN004","2564","20171115","1","3","0"
"SDK_MN004","2564","20171116","0","3","0"
"SDK_MN004","2564","20171117","4.8","3","0"
"SDK_MN004","2564","20171118","1.3","3","0"
"SDK_MN004","2564","20171119","3.1","3","0"
"SDK_MN004","2564","20171120","1.5","3","0"
"SDK_MN004","2564","20171121","0","3","0"
"SDK_MN004","2564","20171122","0","3","0"
"SDK_MN004","2564","20171123","0.7","3","0"
"SDK_MN004","2564","20171124","0","3","0"
"SDK_MN004","2564","20171125","0","3","0"
"SDK_MN004","2564","20171126","0.1","3","0"
"SDK_MN004","2564","20171127","0","3","0"
"SDK_MN004","2564","20171128","0.5","3","0"
"SDK_MN004","2564","20171129","0","3","0"
"SDK_MN004","2564","20171130","0","3","0"
"SDK_MN004","2564","20171201","0.7","3","0"
"SDK_MN004","2564","20171202","0","3","0"
"SDK_MN004","2564","20171203","0.1","3","0"
"SDK_MN004","2564","20171204","4.3","3","0"
"SDK_MN004","2564","20171205","0.7","3","0"
"SDK_MN004","2564","20171206","0","3","0"
"SDK_MN004","2564","20171207","0","3","0"
"SDK_MN004","2564","20171208","0","3","0"
"SDK_MN004","2564","20171209","1.9","3","0"
"SDK_MN004","2564","20171210","0","3","0"
"SDK_MN004","2564","20171211","0","3","0"
"SDK_MN004","2564","20171212","0","3","0"
"SDK_MN004","2564","20171213","0","3","0"
"SDK_MN004","2564","20171214","0.6","3","0"
"SDK_MN004","2564","20171215","0","3","0"
"SDK_MN004","2564","20171216","4","3","0"
"SDK_MN004","2564","20171217","3.8","3","0"
"SDK_MN004","2564","20171218","3.5","3","0"
"SDK_MN004","2564","20171219","0.3","3","0"
"SDK_MN004","2564","20171220","0","3","0"
"SDK_MN004","2564","20171221","0","3","0"
"SDK_MN004","2564","20171222","0.2","3","0"
"SDK_MN004","2564","20171223","0","3","0"
"SDK_MN004","2564","20171224","0","3","0"
"SDK_MN004","2564","20171225","0","3","0"
"SDK_MN004","2564","20171226","0.2","3","0"
"SDK_MN004","2564","20171227","0","3","0"
"SDK_MN004","2564","20171228","2.1","3","0"
"SDK_MN004","2564","20171229","2.2","3","0"
"SDK_MN004","2564","20171230","0","3","0"
"SDK_MN004","2564","20171231","0","3","0"
"SDK_MN004","2564","20180101","0.4","3","0"
"SDK_MN004","2564","20180102","0.7","3","0"
"SDK_MN004","2564","20180103","0.2","3","0"
"SDK_MN004","2564","20180104","1.4","3","0"
"SDK_MN004","2564","20180105","0.4","3","0"
"SDK_MN004","2564","20180106","0","3","0"
"SDK_MN004","2564","20180107","5.1","3","0"
"SDK_MN004","2564","20180108","5.1","3","0"
"SDK_MN004","2564","20180109","1.5","3","0"
"SDK_MN004","2564","20180110","0.6","3","0"
"SDK_MN004","2564","20180111","0","3","0"
"SDK_MN004","2564","20180112","0","3","0"
"SDK_MN004","2564","20180113","0","3","0"
"SDK_MN004","2564","20180114","4.7","3","0"
"SDK_MN004","2564","20180115","0.1","3","0"
"SDK_MN004","2564","20180116","0.4","3","0"
"SDK_MN004","2564","20180117","1.3","3","0"
"SDK_MN004","2564","20180118","0","3","0"
"SDK_MN004","2564","20180119","2","3","0"
"SDK_MN004","2564","20180120","0","3","0"
"SDK_MN004","2564","20180121","1.2","3","0"
"SDK_MN004","2564","20180122","0","3","0"
"SDK_MN004","2564","20180123","0","3","0"
"SDK_MN004","2564","20180124","0","3","0"
"SDK_MN004","2564","20180125","0","3","0"
"SDK_MN004","2564","20180126","0.9","3","0"
"SDK_MN004","2564","20180127","0","3","0"
"SDK_MN004","2564","20180128","2.5","3","0"
"SDK_MN004","2564","20180129","0","3","0"
"SDK_MN004","2564","20180130","3","3","0"
"SDK_MN004","2564","20180131","0","3","0"
"SDK_MN004","2564","20180201","0.1","3","0"
"SDK_MN004","2564","20180202","0","3","0"
"SDK_MN004","2564","20180203","0","3","0"
"SDK_MN004","2564","20180204","0","3","0"
"SDK_MN004","2564","20180205","0.4","3","0"
"SDK_MN004","2564","20180206","5.6","3","0"
"SDK_MN004","2564","20180207","6.9","3","0"
"SDK_MN004","2564","20180208","6.7","3","0"
"SDK_MN004","2564","20180209","6.6","3","0"
"SDK_MN004","2564","20180210","6","3","0"
"SDK_MN004","2564","20180211","0.2","3","0"
"SDK_MN004","2564","20180212","1.3","3","0"
"SDK_MN004","2564","20180213","7.4","3","0"
"SDK_MN004","2564","20180214","7.7","3","0"
"SDK_MN004","2564","20180215","0","3","0"
"SDK_MN004","2564","20180216","4","3","0"
"SDK_MN004","2564","20180217","0","3","0"
"SDK_MN004","2564","20180218","3.8","3","0"
"SDK_MN004","2564","20180219","4.1","3","0"
"SDK_MN004","2564","20180220","6.9","3","0"
"SDK_MN004","2564","20180221","1.5","3","0"
"SDK_MN004","2564","20180222","0.5","3","0"
"SDK_MN004","2564","20180223","8.4","3","0"
"SDK_MN004","2564","20180224","2.7","3","0"
"SDK_MN004","2564","20180225","0.3","3","0"
"SDK_MN004","2564","20180226","5.3","3","0"
"SDK_MN004","2564","20180227","1.4","3","0"
"SDK_MN004","2564","20180228","6","3","0"
"SDK_MN004","2564","20180301","4.2","3","0"
"SDK_MN004","2564","20180302","2","3","0"
"SDK_MN004","2564","20180303","9.2","3","0"
"SDK_MN004","2564","20180304","4.1","3","0"
"SDK_MN004","2564","20180305","2.9","3","0"
"SDK_MN004","2564","20180306","8.4","3","0"
"SDK_MN004","2564","20180307","0","3","0"
"SDK_MN004","2564","20180308","1.9","3","0"
"SDK_MN004","2564","20180309","1.2","3","0"
"SDK_MN004","2564","20180310","0","3","0"
"SDK_MN004","2564","20180311","2.6","3","0"
"SDK_MN004","2564","20180312","0","3","0"
"SDK_MN004","2564","20180313","0","3","0"
"SDK_MN004","2564","20180314","0","3","0"
"SDK_MN004","2564","20180315","0.6","3","0"
"SDK_MN004","2564","20180316","0.4","3","0"
"SDK_MN004","2564","20180317","3.5","3","0"
"SDK_MN004","2564","20180318","9.9","3","0"
"SDK_MN004","2564","20180319","11.3","3","0"
"SDK_MN004","2564","20180320","11.5","3","0"
"SDK_MN004","2564","20180321","0.1","3","0"
"SDK_MN004","2564","20180322","0","3","0"
"SDK_MN004","2564","20180323","0.4","3","0"
"SDK_MN004","2564","20180324","0","3","0"
"SDK_MN004","2564","20180325","0","3","0"
"SDK_MN004","2564","20180326","0.5","3","0"
"SDK_MN004","2564","20180327","1.5","3","0"
"SDK_MN004","2564","20180328","0","3","0"
"SDK_MN004","2564","20180329","0","3","0"
"SDK_MN004","2564","20180330","12.3","3","0"
"SDK_MN004","2564","20180331","0","3","0"
"SDK_MN004","2564","20180401","2.9","3","0"
"SDK_MN004","2564","20180402","8.3","3","0"
"SDK_MN004","2564","20180403","1.1","3","0"
"SDK_MN004","2564","20180404","4.7","3","0"
"SDK_MN004","2564","20180405","0.9","3","0"
"SDK_MN004","2564","20180406","10.4","3","0"
"SDK_MN004","2564","20180407","9.5","3","0"
"SDK_MN004","2564","20180408","11.8","3","0"
"SDK_MN004","2564","20180409","6.8","3","0"
"SDK_MN004","2564","20180410","1.1","3","0"
"SDK_MN004","2564","20180411","0","3","0"
"SDK_MN004","2564","20180412","6","3","0"
"SDK_MN004","2564","20180413","0.3","3","0"
"SDK_MN004","2564","20180414","0","3","0"
"SDK_MN004","2564","20180415","0","3","0"
"SDK_MN004","2564","20180416","5.2","3","0"
"SDK_MN004","2564","20180417","11.5","3","0"
"SDK_MN004","2564","20180418","13.2","3","0"
"SDK_MN004","2564","20180419","13.4","3","0"
"SDK_MN004","2564","20180420","13.4","3","0"
"SDK_MN004","2564","20180421","12.4","3","0"
"SDK_MN004","2564","20180422","9.8","3","0"
"SDK_MN004","2564","20180423","8.6","3","0"
"SDK_MN004","2564","20180424","4.4","3","0"
"SDK_MN004","2564","20180425","1.5","3","0"
"SDK_MN004","2564","20180426","5.6","3","0"
"SDK_MN004","2564","20180427","7.1","3","0"
"SDK_MN004","2564","20180428","4.9","3","0"
"SDK_MN004","2564","20180429","1.2","3","0"
"SDK_MN004","2564","20180430","3","3","0"
"SDK_MN004","2564","20180501","0","3","0"
"SDK_MN004","2564","20180502","13.5","3","0"
"SDK_MN004","2564","20180503","10.8","3","0"
"SDK_MN004","2564","20180504","14.2","3","0"
"SDK_MN004","2564","20180505","14.1","3","0"
"SDK_MN004","2564","20180506","15.1","3","0"
"SDK_MN004","2564","20180507","15.1","3","0"
"SDK_MN004","2564","20180508","15","3","0"
"SDK_MN004","2564","20180509","14.7","3","0"
"SDK_MN004","2564","20180510","7.1","3","0"
"SDK_MN004","2564","20180511","11.1","3","0"
"SDK_MN004","2564","20180512","7.1","3","0"
"SDK_MN004","2564","20180513","11.3","3","0"
"SDK_MN004","2564","20180514","15.1","3","0"
"SDK_MN004","2564","20180515","13.2","3","0"
"SDK_MN004","2564","20180516","9.4","3","0"
"SDK_MN004","2564","20180517","12","3","0"
"SDK_MN004","2564","20180518","7.4","3","0"
"SDK_MN004","2564","20180519","6.1","3","0"
"SDK_MN004","2564","20180520","15.6","3","0"
"SDK_MN004","2564","20180521","14.9","3","0"
"SDK_MN004","2564","20180522","15.1","3","0"
"SDK_MN004","2564","20180523","15.7","3","0"
"SDK_MN004","2564","20180524","15.9","3","0"
"SDK_MN004","2564","20180525","14.3","3","0"
"SDK_MN004","2564","20180526","15.5","3","0"
"SDK_MN004","2564","20180527","0.3","3","0"
"SDK_MN004","2564","20180528","10.9","3","0"
"SDK_MN004","2564","20180529","14.8","3","0"
"SDK_MN004","2564","20180530","14.5","3","0"
"SDK_MN004","2564","20180531","14.3","3","0"
"SDK_MN004","2564","20180601","15","3","0"
"SDK_MN004","2564","20180602","12.2","3","0"
"SDK_MN004","2564","20180603","2.9","3","0"
"SDK_MN004","2564","20180604","6.6","3","0"
"SDK_MN004","2564","20180605","13","3","0"
"SDK_MN004","2564","20180606","16.1","3","0"
"SDK_MN004","2564","20180607","16.4","3","0"
"SDK_MN004","2564","20180608","14.3","3","0"
"SDK_MN004","2564","20180609","6.5","3","0"
"SDK_MN004","2564","20180610","0.6","3","0"
"SDK_MN004","2564","20180611","6.2","3","0"
"SDK_MN004","2564","20180612","0.1","3","0"
"SDK_MN004","2564","20180613","3.1","3","0"
"SDK_MN004","2564","20180614","7.3","3","0"
"SDK_MN004","2564","20180615","11.7","3","0"
"SDK_MN004","2564","20180616","4.7","3","0"
"SDK_MN004","2564","20180617","5.9","3","0"
"SDK_MN004","2564","20180618","3.8","3","0"
"SDK_MN004","2564","20180619","9.1","3","0"
"SDK_MN004","2564","20180620","7.9","3","0"
"SDK_MN004","2564","20180621","3.4","3","0"
"SDK_MN004","2564","20180622","6.7","3","0"
"SDK_MN004","2564","20180623","2.9","3","0"
"SDK_MN004","2564","20180624","1.9","3","0"
"SDK_MN004","2564","20180625","3.1","3","0"
"SDK_MN004","2564","20180626","7.9","3","0"
"SDK_MN004","2564","20180627","14.6","3","0"
"SDK_MN004","2564","20180628","16.3","3","0"
"SDK_MN004","2564","20180629","16.4","3","0"
"SDK_MN004","2564","20180630","15.5","3","0"
"SDK_MN004","2564","20180701","16.6","3","0"
"SDK_MN004","2564","20180702","16.6","3","0"
"SDK_MN004","2564","20180703","15.3","3","0"
"SDK_MN004","2564","20180704","8.4","3","0"
"SDK_MN004","2564","20180705","0","3","0"
"SDK_MN004","2564","20180706","12.7","3","0"
"SDK_MN004","2564","20180707","15.8","3","0"
"SDK_MN004","2564","20180708","15.4","3","0"
"SDK_MN004","2564","20180709","3.3","3","0"
"SDK_MN004","2564","20180710","7.6","3","0"
"SDK_MN004","2564","20180711","0.3","3","0"
"SDK_MN004","2564","20180712","14.8","3","0"
"SDK_MN004","2564","20180713","14.8","3","0"
"SDK_MN004","2564","20180714","2.4","3","0"
"SDK_MN004","2564","20180715","14.4","3","0"
"SDK_MN004","2564","20180716","15.7","3","0"
"SDK_MN004","2564","20180717","15.3","3","0"
"SDK_MN004","2564","20180718","11.3","3","0"
"SDK_MN004","2564","20180719","13.8","3","0"
"SDK_MN004","2564","20180720","15.1","3","0"
"SDK_MN004","2564","20180721","11.9","3","0"
"SDK_MN004","2564","20180722","12.6","3","0"
"SDK_MN004","2564","20180723","10.6","3","0"
"SDK_MN004","2564","20180724","15.3","3","0"
"SDK_MN004","2564","20180725","10.5","3","0"
"SDK_MN004","2564","20180726","14.6","3","0"
"SDK_MN004","2564","20180727","15.2","3","0"
"SDK_MN004","2564","20180728","9.1","3","0"
"SDK_MN004","2564","20180729","12.6","3","0"
"SDK_MN004","2564","20180730","5.4","3","0"
"SDK_MN004","2564","20180731","6.5","3","0"
"SDK_MN004","2564","20180801","9.8","3","0"
"SDK_MN004","2564","20180802","13.8","3","0"
"SDK_MN004","2564","20180803","14.1","3","0"
"SDK_MN004","2564","20180804","7.9","3","0"
"SDK_MN004","2564","20180805","4.4","3","0"
"SDK_MN004","2564","20180806","13","3","0"
"SDK_MN004","2564","20180807","14.1","3","0"
"SDK_MN004","2564","20180808","6.6","3","0"
"SDK_MN004","2564","20180809","7.6","3","0"
"SDK_MN004","2564","20180810","4.8","3","0"
"SDK_MN004","2564","20180811","6","3","0"
"SDK_MN004","2564","20180812","2.6","3","0"
"SDK_MN004","2564","20180813","0","3","0"
"SDK_MN004","2564","20180814","5.1","3","0"
"SDK_MN004","2564","20180815","3.9","3","0"
"SDK_MN004","2564","20180816","9.1","3","0"
"SDK_MN004","2564","20180817","5.8","3","0"
"SDK_MN004","2564","20180818","9","3","0"
"SDK_MN004","2564","20180819","1.8","3","0"
"SDK_MN004","2564","20180820","3.4","3","0"
"SDK_MN004","2564","20180821","10.7","3","0"
"SDK_MN004","2564","20180822","13.1","3","0"
"SDK_MN004","2564","20180823","5.4","3","0"
"SDK_MN004","2564","20180824","4.8","3","0"
"SDK_MN004","2564","20180825","2.3","3","0"
"SDK_MN004","2564","20180826","10.2","3","0"
"SDK_MN004","2564","20180827","1.8","3","0"
"SDK_MN004","2564","20180828","4.9","3","0"
"SDK_MN004","2564","20180829","8.3","3","0"
"SDK_MN004","2564","20180830","0","3","0"
"SDK_MN004","2564","20180831","8.8","3","0"
"SDK_MN004","2564","20180901","10.8","3","0"
"SDK_MN004","2564","20180902","10.9","3","0"
"SDK_MN004","2564","20180903","7.3","3","0"
"SDK_MN004","2564","20180904","10","3","0"
"SDK_MN004","2564","20180905","9.5","3","0"
"SDK_MN004","2564","20180906","9.2","3","0"
"SDK_MN004","2564","20180907","2.1","3","0"
"SDK_MN004","2564","20180908","4","3","0"
"SDK_MN004","2564","20180909","4.3","3","0"
"SDK_MN004","2564","20180910","3","3","0"
"SDK_MN004","2564","20180911","0","3","0"
"SDK_MN004","2564","20180912","0.1","3","0"
"SDK_MN004","2564","20180913","9","3","0"
"SDK_MN004","2564","20180914","5.1","3","0"
"SDK_MN004","2564","20180915","4","3","0"
"SDK_MN004","2564","20180916","6.2","3","0"
"SDK_MN004","2564","20180917","9.5","3","0"
"SDK_MN004","2564","20180918","11.3","3","0"
"SDK_MN004","2564","20180919","8","3","0"
"SDK_MN004","2564","20180920","3.5","3","0"
"SDK_MN004","2564","20180921","1.4","3","0"
"SDK_MN004","2564","20180922","7.2","3","0"
"SDK_MN004","2564","20180923","1.8","3","0"
"SDK_MN004","2564","20180924","9.4","3","0"
"SDK_MN004","2564","20180925","8.4","3","0"
"SDK_MN004","2564","20180926","1.8","3","0"
"SDK_MN004","2564","20180927","1.8","3","0"
"SDK_MN004","2564","20180928","8.3","3","0"
"SDK_MN004","2564","20180929","3.8","3","0"
"SDK_MN004","2564","20180930","2.8","3","0"
"SDK_MN004","2564","20181001","5.1","3","0"
"SDK_MN004","2564","20181002","1","3","0"
"SDK_MN004","2564","20181003","7.2","3","0"
"SDK_MN004","2564","20181004","0","3","0"
"SDK_MN004","2564","20181005","7.9","3","0"
"SDK_MN004","2564","20181006","8.4","3","0"
"SDK_MN004","2564","20181007","8.4","3","0"
"SDK_MN004","2564","20181008","3.2","3","0"
"SDK_MN004","2564","20181009","5.1","3","0"
"SDK_MN004","2564","20181010","7.9","3","0"
"SDK_MN004","2564","20181011","9.1","3","0"
"SDK_MN004","2564","20181012","8.4","3","0"
"SDK_MN004","2564","20181013","9.5","3","0"
"SDK_MN004","2564","20181014","9.5","3","0"
"SDK_MN004","2564","20181015","8.3","3","0"
"SDK_MN004","2564","20181016","2.2","3","0"
"SDK_MN004","2564","20181017","6.5","3","0"
"SDK_MN004","2564","20181018","4.4","3","0"
"SDK_MN004","2564","20181019","5.3","3","0"
"SDK_MN004","2564","20181020","5.5","3","0"
"SDK_MN004","2564","20181021","0.1","3","0"
"SDK_MN004","2564","20181022","6.5","3","0"
"SDK_MN004","2564","20181023","0","3","0"
"SDK_MN004","2564","20181024","4.2","3","0"
"SDK_MN004","2564","20181025","1.4","3","0"
"SDK_MN004","2564","20181026","0","3","0"
"SDK_MN004","2564","20181027","0.7","3","0"
"SDK_MN004","2564","20181028","6.2","3","0"
"SDK_MN004","2564","20181029","0","3","0"
"SDK_MN004","2564","20181030","0.1","3","0"
"SDK_MN004","2564","20181031","2.6","3","0"
"SDK_MN004","2564","20181101","2.8","3","0"
"SDK_MN004","2564","20181102","1.9","3","0"
"SDK_MN004","2564","20181103","6.8","3","0"
"SDK_MN004","2564","20181104","0.1","3","0"
"SDK_MN004","2564","20181105","0","3","0"
"SDK_MN004","2564","20181106","0.2","3","0"
"SDK_MN004","2564","20181107","4.9","3","0"
"SDK_MN004","2564","20181108","2","3","0"
"SDK_MN004","2564","20181109","0.5","3","0"
"SDK_MN004","2564","20181110","0.1","3","0"
"SDK_MN004","2564","20181111","0.8","3","0"
"SDK_MN004","2564","20181112","0","3","0"
"SDK_MN004","2564","20181113","0.2","3","0"
"SDK_MN004","2564","20181114","0","3","0"
"SDK_MN004","2564","20181115","5.2","3","0"
"SDK_MN004","2564","20181116","5.9","3","0"
"SDK_MN004","2564","20181117","5.9","3","0"
"SDK_MN004","2564","20181118","0","3","0"
"SDK_MN004","2564","20181119","0.7","3","0"
"SDK_MN004","2564","20181120","0","3","0"
"SDK_MN004","2564","20181121","0.7","3","0"
"SDK_MN004","2564","20181122","0","3","0"
"SDK_MN004","2564","20181123","0","3","0"
"SDK_MN004","2564","20181124","0","3","0"
"SDK_MN004","2564","20181125","0","3","0"
"SDK_MN004","2564","20181126","1.5","3","0"
"SDK_MN004","2564","20181127","0","3","0"
"SDK_MN004","2564","20181128","2.7","3","0"
"SDK_MN004","2564","20181129","0","3","0"
"SDK_MN004","2564","20181130","2.6","3","0"
"SDK_MN004","2564","20181201","0","3","0"
"SDK_MN004","2564","20181202","0","3","0"
"SDK_MN004","2564","20181203","0","3","0"
"SDK_MN004","2564","20181204","4.5","3","0"
"SDK_MN004","2564","20181205","3.9","3","0"
"SDK_MN004","2564","20181206","0","3","0"
"SDK_MN004","2564","20181207","0","3","0"
"SDK_MN004","2564","20181208","0","3","0"
"SDK_MN004","2564","20181209","0.8","3","0"
"SDK_MN004","2564","20181210","1.8","3","0"
"SDK_MN004","2564","20181211","0.6","3","0"
"SDK_MN004","2564","20181212","0.2","3","0"
"SDK_MN004","2564","20181213","0","3","0"
"SDK_MN004","2564","20181214","0","3","0"
"SDK_MN004","2564","20181215","0.2","3","0"
"SDK_MN004","2564","20181216","0.3","3","0"
"SDK_MN004","2564","20181217","0","3","0"
"SDK_MN004","2564","20181218","0","3","0"
"SDK_MN004","2564","20181219","0","3","0"
"SDK_MN004","2564","20181220","0","3","0"
"SDK_MN004","2564","20181221","0","3","0"
"SDK_MN004","2564","20181222","0","3","0"
"SDK_MN004","2564","20181223","0","3","0"
"SDK_MN004","2564","20181224","0.1","3","0"
"SDK_MN004","2564","20181225","0","3","0"
"SDK_MN004","2564","20181226","0","3","0"
"SDK_MN004","2564","20181227","0","3","0"
"SDK_MN004","2564","20181228","0.1","3","0"
"SDK_MN004","2564","20181229","0","3","0"
"SDK_MN004","2564","20181230","3.8","3","0"
"SDK_MN004","2564","20181231","0","3","0"
"SDK_MN004","2564","20190101","0.817","0","3"
"SDK_MN004","2564","20190102","4.6","0","3"
"SDK_MN004","2564","20190103","2.867","0","3"
"SDK_MN004","2564","20190104","0","0","3"
"SDK_MN004","2564","20190105","2.183","0","3"
"SDK_MN004","2564","20190106","0","0","3"
"SDK_MN004","2564","20190107","0","0","3"
"SDK_MN004","2564","20190108","0.667","0","3"
"SDK_MN004","2564","20190109","0","0","3"
"SDK_MN004","2564","20190110","0.033","0","3"
"SDK_MN004","2564","20190111","1.233","0","3"
"SDK_MN004","2564","20190112","0","0","3"
"SDK_MN004","2564","20190113","0","0","3"
"SDK_MN004","2564","20190114","4.133","0","3"
"SDK_MN004","2564","20190115","0","0","3"
"SDK_MN004","2564","20190116","0","0","3"
"SDK_MN004","2564","20190117","0.117","0","3"
"SDK_MN004","2564","20190118","5.6","0","3"
"SDK_MN004","2564","20190119","4.8","0","3"
"SDK_MN004","2564","20190120","5.617","0","3"
"SDK_MN004","2564","20190121","1.517","0","3"
"SDK_MN004","2564","20190122","2.4","0","3"
"SDK_MN004","2564","20190123","3.3","0","3"
"SDK_MN004","2564","20190124","0","0","3"
"SDK_MN004","2564","20190125","0","0","3"
"SDK_MN004","2564","20190126","0.333","0","3"
"SDK_MN004","2564","20190127","0","0","3"
"SDK_MN004","2564","20190128","0","0","3"
"SDK_MN004","2564","20190129","1.217","0","3"
"SDK_MN004","2564","20190130","3.133","0","3"
"SDK_MN004","2564","20190131","0.133","0","3"
"SDK_MN004","2564","20190201","0.083","0","3"
"SDK_MN004","2564","20190202","0","0","3"
"SDK_MN004","2564","20190203","4.45","0","3"
"SDK_MN004","2564","20190204","0.333","0","3"
"SDK_MN004","2564","20190205","0.033","0","3"
"SDK_MN004","2564","20190206","0","0","3"
"SDK_MN004","2564","20190207","0.683","0","3"
"SDK_MN004","2564","20190208","0","0","3"
"SDK_MN004","2564","20190209","0.433","0","3"
"SDK_MN004","2564","20190210","0","0","3"
"SDK_MN004","2564","20190211","5.833","0","3"
"SDK_MN004","2564","20190212","4.25","0","3"
"SDK_MN004","2564","20190213","0","0","3"
"SDK_MN004","2564","20190214","4.783","0","3"
"SDK_MN004","2564","20190215","7.683","0","3"
"SDK_MN004","2564","20190216","7.6","0","3"
"SDK_MN004","2564","20190217","4.517","0","3"
"SDK_MN004","2564","20190218","8.7","0","3"
"SDK_MN004","2564","20190219","0.083","0","3"
"SDK_MN004","2564","20190220","0","0","3"
"SDK_MN004","2564","20190221","0","0","3"
"SDK_MN004","2564","20190222","4.417","0","3"
"SDK_MN004","2564","20190223","4.5","0","3"
"SDK_MN004","2564","20190224","9","0","3"
"SDK_MN004","2564","20190225","7.75","0","3"
"SDK_MN004","2564","20190226","8.083","0","3"
"SDK_MN004","2564","20190227","10.1","0","3"
"SDK_MN004","2564","20190228","4.2","0","3"
"SDK_MN004","2564","20190301","1.1","0","3"
"SDK_MN004","2564","20190302","0","0","3"
"SDK_MN004","2564","20190303","1.5","0","3"
"SDK_MN004","2564","20190304","0.6","0","3"
"SDK_MN004","2564","20190305","4.2","0","3"
"SDK_MN004","2564","20190306","0","0","3"
"SDK_MN004","2564","20190307","1.633","0","3"
"SDK_MN004","2564","20190308","4.133","0","3"
"SDK_MN004","2564","20190309","0.833","0","3"
"SDK_MN004","2564","20190310","4.083","0","3"
"SDK_MN004","2564","20190311","4.067","0","3"
"SDK_MN004","2564","20190312","0.45","0","3"
"SDK_MN004","2564","20190313","0.05","0","3"
"SDK_MN004","2564","20190314","0","0","3"
"SDK_MN004","2564","20190315","0.283","0","3"
"SDK_MN004","2564","20190316","0.367","0","3"
"SDK_MN004","2564","20190317","3.283","0","3"
"SDK_MN004","2564","20190318","3.6","0","3"
"SDK_MN004","2564","20190319","8.167","0","3"
"SDK_MN004","2564","20190320","0","0","3"
"SDK_MN004","2564","20190321","0","0","3"
"SDK_MN004","2564","20190322","1.283","0","3"
"SDK_MN004","2564","20190323","2.65","0","3"
"SDK_MN004","2564","20190324","5.517","0","3"
"SDK_MN004","2564","20190325","6.467","0","3"
"SDK_MN004","2564","20190326","2","0","3"
"SDK_MN004","2564","20190327","0","0","3"
"SDK_MN004","2564","20190328","0","0","3"
"SDK_MN004","2564","20190329","4.15","0","3"
"SDK_MN004","2564","20190330","10.183","0","3"
"SDK_MN004","2564","20190331","10.033","0","3"
"SDK_MN004","2564","20190401","12.45","0","3"
"SDK_MN004","2564","20190402","9.617","0","3"
"SDK_MN004","2564","20190403","0","0","3"
"SDK_MN004","2564","20190404","4.5","0","3"
"SDK_MN004","2564","20190405","7.3","0","3"
"SDK_MN004","2564","20190406","10.983","0","3"
"SDK_MN004","2564","20190407","11.75","0","3"
"SDK_MN004","2564","20190408","8.633","0","3"
"SDK_MN004","2564","20190409","9.433","0","3"
"SDK_MN004","2564","20190410","11.917","0","3"
"SDK_MN004","2564","20190411","1.833","0","3"
"SDK_MN004","2564","20190412","6.083","0","3"
"SDK_MN004","2564","20190413","0.683","0","3"
"SDK_MN004","2564","20190414","2","0","3"
"SDK_MN004","2564","20190415","11.15","0","3"
"SDK_MN004","2564","20190416","11.367","0","3"
"SDK_MN004","2564","20190417","13.3","0","3"
"SDK_MN004","2564","20190418","13.383","0","3"
"SDK_MN004","2564","20190419","13.433","0","3"
"SDK_MN004","2564","20190420","13.983","0","3"
"SDK_MN004","2564","20190421","14.017","0","3"
"SDK_MN004","2564","20190422","13.983","0","3"
"SDK_MN004","2564","20190423","13.35","0","3"
"SDK_MN004","2564","20190424","8.183","0","3"
"SDK_MN004","2564","20190425","11.133","0","3"
"SDK_MN004","2564","20190426","3.283","0","3"
"SDK_MN004","2564","20190427","5.883","0","3"
"SDK_MN004","2564","20190428","0.1","0","3"
"SDK_MN004","2564","20190429","8.5","0","3"
"SDK_MN004","2564","20190430","6.5","0","3"
"SDK_MN004","2564","20190501","0","0","3"
"SDK_MN004","2564","20190502","0.8","0","3"
"SDK_MN004","2564","20190503","8","0","3"
"SDK_MN004","2564","20190504","9.3","0","3"
